Country Name,Country Code,Indicator Name,Indicator Code," 2,008.00 "," 2,009.00 "," 2,010.00 "," 2,011.00 "," 2,012.00 "," 2,013.00 "," 2,014.00 "," 2,015.00 "," 2,016.00 "," 2,017.00 "," 2,018.00 "," 2,019.00 "," 2,020.00 "
Aruba,ABW,Exports of goods and services (current LCU),NE.EXP.GNFS.CN," 3,327,000,000.00 "," 2,853,000,000.00 "," 2,612,000,000.00 "," 3,095,000,000.00 "," 2,960,000,000.00 "," 3,700,000,000.00 "," 3,839,000,000.00 "," 3,842,000,000.00 "," 3,785,000,000.00 "," 4,012,000,000.00 ",,,
Afghanistan,AFG,Exports of goods and services (current LCU),NE.EXP.GNFS.CN,," 103,788,000,000.00 "," 117,523,000,000.00 "," 146,043,000,000.00 "," 120,354,000,000.00 "," 76,611,041,104.00 "," 114,022,000,000.00 "," 87,054,993,175.00 "," 77,104,510,753.00 "," 78,537,680,780.00 "," 116,426,000,000.00 "," 114,976,000,000.00 ",
Angola,AGO,Exports of goods and services (current LCU),NE.EXP.GNFS.CN," 4,814,770,000,000.00 "," 3,277,100,000,000.00 "," 4,739,840,000,000.00 "," 6,370,920,000,000.00 "," 6,838,650,000,000.00 "," 6,696,080,000,000.00 "," 6,402,050,000,000.00 "," 4,150,850,000,000.00 "," 4,654,480,000,000.00 "," 5,876,900,000,000.00 "," 10,465,400,000,000.00 ",,
Albania,ALB,Exports of goods and services (current LCU),NE.EXP.GNFS.CN," 273,437,000,000.00 "," 288,738,000,000.00 "," 346,846,000,000.00 "," 380,322,000,000.00 "," 385,682,000,000.00 "," 390,386,000,000.00 "," 393,657,000,000.00 "," 391,098,000,000.00 "," 426,693,000,000.00 "," 489,536,000,000.00 "," 515,862,000,000.00 "," 528,856,000,000.00 ",
Andorra,AND,Exports of goods and services (current LCU),NE.EXP.GNFS.CN,,,,,,,,,,,,,
Arab World,ARB,Exports of goods and services (current LCU),NE.EXP.GNFS.CN,,,,,,,,,,,,,
United Arab Emirates,ARE,Exports of goods and services (current LCU),NE.EXP.GNFS.CN," 913,748,000,000.00 "," 741,694,000,000.00 "," 875,260,000,000.00 "," 1,160,030,000,000.00 "," 1,379,080,000,000.00 "," 1,440,520,000,000.00 "," 1,474,020,000,000.00 "," 1,326,700,000,000.00 "," 1,324,400,000,000.00 "," 1,410,400,000,000.00 "," 1,442,790,000,000.00 "," 1,429,970,000,000.00 ",
Argentina,ARG,Exports of goods and services (current LCU),NE.EXP.GNFS.CN," 253,622,000,000.00 "," 244,107,000,000.00 "," 314,627,000,000.00 "," 402,013,000,000.00 "," 428,341,000,000.00 "," 489,428,000,000.00 "," 659,639,000,000.00 "," 637,469,000,000.00 "," 1,030,750,000,000.00 "," 1,196,760,000,000.00 "," 2,085,780,000,000.00 "," 3,743,390,000,000.00 ",
Armenia,ARM,Exports of goods and services (current LCU),NE.EXP.GNFS.CN," 509,034,000,000.00 "," 460,909,000,000.00 "," 683,335,000,000.00 "," 850,914,000,000.00 "," 1,176,120,000,000.00 "," 1,291,940,000,000.00 "," 1,379,300,000,000.00 "," 1,499,370,000,000.00 "," 1,679,710,000,000.00 "," 2,077,200,000,000.00 "," 2,270,300,000,000.00 "," 2,530,540,000,000.00 ",
American Samoa,ASM,Exports of goods and services (current LCU),NE.EXP.GNFS.CN," 641,000,000.00 "," 530,000,000.00 "," 364,000,000.00 "," 335,000,000.00 "," 482,000,000.00 "," 457,000,000.00 "," 426,000,000.00 "," 427,000,000.00 "," 427,000,000.00 "," 362,000,000.00 "," 438,000,000.00 ",,
Antigua and Barbuda,ATG,Exports of goods and services (current LCU),NE.EXP.GNFS.CN," 1,688,495,400.00 "," 1,516,383,500.00 "," 1,414,351,500.00 "," 1,451,940,500.00 "," 1,467,000,000.00 "," 1,473,000,000.00 "," 1,595,000,000.00 "," 1,625,922,600.00 "," 1,644,000,000.00 ",,,,
Australia,AUS,Exports of goods and services (current LCU),NE.EXP.GNFS.CN," 237,366,000,000.00 "," 289,894,000,000.00 "," 257,770,000,000.00 "," 303,673,000,000.00 "," 322,096,000,000.00 "," 306,588,000,000.00 "," 336,322,000,000.00 "," 324,674,000,000.00 "," 319,705,000,000.00 "," 373,769,000,000.00 "," 403,360,000,000.00 "," 469,891,000,000.00 ",
Austria,AUT,Exports of goods and services (current LCU),NE.EXP.GNFS.CN," 156,425,000,000.00 "," 130,217,000,000.00 "," 151,683,000,000.00 "," 167,310,000,000.00 "," 171,989,000,000.00 "," 173,102,000,000.00 "," 177,855,000,000.00 "," 182,769,000,000.00 "," 187,408,000,000.00 "," 200,099,000,000.00 "," 215,057,000,000.00 "," 222,152,000,000.00 ",
Azerbaijan,AZE,Exports of goods and services (current LCU),NE.EXP.GNFS.CN," 26,400,700,000.00 "," 18,383,100,000.00 "," 23,060,500,000.00 "," 29,388,300,000.00 "," 29,000,300,000.00 "," 28,169,300,000.00 "," 25,537,500,000.00 "," 20,552,800,000.00 "," 28,054,000,000.00 "," 34,147,500,000.00 "," 43,323,600,000.00 "," 40,170,400,000.00 ",
Burundi,BDI,Exports of goods and services (current LCU),NE.EXP.GNFS.CN," 200,670,000,000.00 "," 144,640,000,000.00 "," 242,602,000,000.00 "," 248,119,000,000.00 "," 326,484,000,000.00 "," 346,938,000,000.00 "," 318,203,000,000.00 "," 279,757,000,000.00 "," 325,784,000,000.00 "," 408,347,000,000.00 "," 509,018,000,000.00 "," 507,656,000,000.00 ",
Belgium,BEL,Exports of goods and services (current LCU),NE.EXP.GNFS.CN," 284,492,000,000.00 "," 238,491,000,000.00 "," 275,442,000,000.00 "," 303,396,000,000.00 "," 310,502,000,000.00 "," 311,650,000,000.00 "," 321,601,000,000.00 "," 324,216,000,000.00 "," 341,615,000,000.00 "," 367,409,000,000.00 "," 379,700,000,000.00 "," 386,648,000,000.00 ",
Benin,BEN,Exports of goods and services (current LCU),NE.EXP.GNFS.CN," 966,516,000,000.00 "," 912,703,000,000.00 "," 1,088,550,000,000.00 "," 1,050,660,000,000.00 "," 1,359,320,000,000.00 "," 1,704,570,000,000.00 "," 2,061,650,000,000.00 "," 1,664,380,000,000.00 "," 1,933,920,000,000.00 "," 2,006,490,000,000.00 "," 2,160,670,000,000.00 "," 2,498,520,000,000.00 ",
Burkina Faso,BFA,Exports of goods and services (current LCU),NE.EXP.GNFS.CN," 427,829,000,000.00 "," 612,865,000,000.00 "," 1,026,240,000,000.00 "," 1,491,260,000,000.00 "," 1,705,760,000,000.00 "," 1,797,950,000,000.00 "," 1,854,120,000,000.00 "," 1,826,310,000,000.00 "," 1,970,940,000,000.00 "," 2,165,580,000,000.00 "," 2,505,810,000,000.00 "," 2,558,300,000,000.00 ",
Bangladesh,BGD,Exports of goods and services (current LCU),NE.EXP.GNFS.CN," 1,110,180,000,000.00 "," 1,194,400,000,000.00 "," 1,277,990,000,000.00 "," 1,824,520,000,000.00 "," 2,127,460,000,000.00 "," 2,342,440,000,000.00 "," 2,551,590,000,000.00 "," 2,627,900,000,000.00 "," 2,885,170,000,000.00 "," 2,970,860,000,000.00 "," 3,330,930,000,000.00 "," 3,895,910,000,000.00 ",
Bulgaria,BGR,Exports of goods and services (current LCU),NE.EXP.GNFS.CN," 38,228,426,000.00 "," 30,896,373,000.00 "," 37,519,434,000.00 "," 47,703,566,000.00 "," 49,879,894,000.00 "," 53,113,162,000.00 "," 54,361,840,000.00 "," 57,164,722,000.00 "," 60,926,365,000.00 "," 68,856,887,000.00 "," 72,245,316,000.00 "," 75,442,408,000.00 ",
Bahrain,BHR,Exports of goods and services (current LCU),NE.EXP.GNFS.CN," 7,983,000,000.00 "," 5,905,000,000.00 "," 6,723,000,000.00 "," 10,757,100,000.00 "," 11,809,800,000.00 "," 12,822,700,000.00 "," 12,058,000,000.00 "," 9,702,800,000.00 "," 8,993,400,000.00 "," 10,107,600,000.00 "," 11,264,600,000.00 ",,
"Bahamas, The",BHS,Exports of goods and services (current LCU),NE.EXP.GNFS.CN," 4,157,100,000.00 "," 3,412,900,000.00 "," 3,528,800,000.00 "," 3,769,900,000.00 "," 4,087,400,000.00 "," 4,245,700,000.00 "," 4,149,100,000.00 "," 4,125,100,000.00 "," 4,211,200,000.00 "," 4,192,100,000.00 "," 4,482,800,000.00 ",,
Bosnia and Herzegovina,BIH,Exports of goods and services (current LCU),NE.EXP.GNFS.CN," 6,851,448,000.00 "," 6,201,956,000.00 "," 7,532,260,000.00 "," 8,403,439,000.00 "," 8,483,188,000.00 "," 9,035,967,000.00 "," 9,296,528,000.00 "," 9,969,309,000.00 "," 10,659,828,000.00 "," 12,811,102,000.00 "," 14,087,202,000.00 "," 14,063,687,000.00 ",
Belarus,BLR,Exports of goods and services (current LCU),NE.EXP.GNFS.CN," 7,909,160,000.00 "," 6,944,920,000.00 "," 8,757,320,000.00 "," 24,108,090,000.00 "," 43,139,550,000.00 "," 39,123,660,000.00 "," 44,271,060,000.00 "," 52,157,370,000.00 "," 59,352,000,000.00 "," 70,628,800,000.00 "," 86,180,400,000.00 "," 87,657,300,000.00 ",
Belize,BLZ,Exports of goods and services (current LCU),NE.EXP.GNFS.CN," 1,707,257,300.00 "," 1,380,381,800.00 "," 1,626,587,400.00 "," 1,829,477,800.00 "," 1,963,103,300.00 "," 2,064,608,200.00 "," 2,072,426,400.00 "," 2,027,722,000.00 "," 1,867,493,300.00 "," 2,019,388,900.00 "," 2,159,452,600.00 "," 2,169,158,700.00 ",
Bermuda,BMU,Exports of goods and services (current LCU),NE.EXP.GNFS.CN,," 2,699,314,000.00 "," 2,704,649,000.00 "," 2,644,231,000.00 "," 2,589,439,000.00 "," 2,656,891,000.00 ",,,,,,,
Bolivia,BOL,Exports of goods and services (current LCU),NE.EXP.GNFS.CN," 54,199,413,000.00 "," 43,483,989,000.00 "," 56,787,439,000.00 "," 73,294,325,000.00 "," 88,273,367,000.00 "," 93,412,577,000.00 "," 98,709,824,000.00 "," 70,389,398,000.00 "," 57,432,499,000.00 "," 64,547,736,000.00 "," 72,349,595,000.00 "," 70,554,158,000.00 ",
Brazil,BRA,Exports of goods and services (current LCU),NE.EXP.GNFS.CN," 420,881,000,000.00 "," 361,680,000,000.00 "," 422,220,000,000.00 "," 506,895,000,000.00 "," 571,876,000,000.00 "," 626,051,000,000.00 "," 636,375,000,000.00 "," 773,468,000,000.00 "," 781,577,000,000.00 "," 824,434,000,000.00 "," 1,025,780,000,000.00 "," 1,039,370,000,000.00 ",
Barbados,BRB,Exports of goods and services (current LCU),NE.EXP.GNFS.CN," 4,654,119,500.00 "," 3,892,182,400.00 "," 4,209,202,500.00 "," 4,142,350,200.00 "," 3,928,351,600.00 "," 3,926,864,700.00 "," 3,787,407,800.00 "," 3,908,091,700.00 "," 4,166,584,500.00 "," 4,200,595,100.00 "," 4,200,187,400.00 "," 4,376,406,000.00 ",
Brunei Darussalam,BRN,Exports of goods and services (current LCU),NE.EXP.GNFS.CN," 15,971,400,000.00 "," 11,362,400,000.00 "," 12,598,456,000.00 "," 16,197,000,000.00 "," 16,700,000,000.00 "," 15,404,000,000.00 "," 14,769,610,000.00 "," 9,282,000,000.00 "," 7,807,371,200.00 "," 8,302,377,800.00 "," 9,504,125,900.00 "," 10,647,577,271.00 ",
Bhutan,BTN,Exports of goods and services (current LCU),NE.EXP.GNFS.CN," 26,709,740,000.00 "," 27,367,000,000.00 "," 30,777,000,000.00 "," 35,004,000,000.00 "," 37,739,000,000.00 "," 42,636,000,000.00 "," 43,589,875,500.00 "," 44,261,735,300.00 "," 42,966,168,200.00 "," 48,004,252,100.00 "," 51,570,338,900.00 ",,
Botswana,BWA,Exports of goods and services (current LCU),NE.EXP.GNFS.CN," 34,128,000,000.00 "," 25,565,600,000.00 "," 37,905,000,000.00 "," 52,438,000,000.00 "," 54,112,000,000.00 "," 77,000,673,800.00 "," 85,284,700,000.00 "," 72,763,700,000.00 "," 89,650,300,000.00 "," 71,446,900,000.00 "," 76,789,000,000.00 "," 66,257,900,000.00 ",
Central African Republic,CAF,Exports of goods and services (current LCU),NE.EXP.GNFS.CN," 97,829,181,400.00 "," 95,688,000,000.00 "," 123,250,000,000.00 "," 150,825,000,000.00 "," 148,022,000,000.00 "," 125,092,000,000.00 "," 156,015,000,000.00 "," 171,119,000,000.00 "," 160,301,000,000.00 "," 207,691,000,000.00 "," 232,955,000,000.00 "," 242,688,000,000.00 ",
Canada,CAN,Exports of goods and services (current LCU),NE.EXP.GNFS.CN," 569,939,000,000.00 "," 448,079,000,000.00 "," 485,942,000,000.00 "," 544,254,000,000.00 "," 554,612,000,000.00 "," 576,989,000,000.00 "," 633,112,000,000.00 "," 633,955,000,000.00 "," 638,095,000,000.00 "," 672,533,000,000.00 "," 713,351,000,000.00 "," 729,050,000,000.00 ",
Central Europe and the Baltics,CEB,Exports of goods and services (current LCU),NE.EXP.GNFS.CN,,,,,,,,,,,,,
Switzerland,CHE,Exports of goods and services (current LCU),NE.EXP.GNFS.CN," 376,237,000,000.00 "," 337,209,000,000.00 "," 389,443,000,000.00 "," 406,708,000,000.00 "," 419,908,000,000.00 "," 459,008,000,000.00 "," 417,598,000,000.00 "," 407,054,000,000.00 "," 434,901,000,000.00 "," 435,421,000,000.00 "," 455,992,000,000.00 "," 461,380,000,000.00 ",
Channel Islands,CHI,Exports of goods and services (current LCU),NE.EXP.GNFS.CN,,,,,,,,,,,,,
Chile,CHL,Exports of goods and services (current LCU),NE.EXP.GNFS.CN," 38,878,300,000,000.00 "," 35,813,400,000,000.00 "," 42,089,100,000,000.00 "," 46,071,900,000,000.00 "," 44,340,400,000,000.00 "," 44,395,400,000,000.00 "," 49,202,400,000,000.00 "," 46,870,900,000,000.00 "," 47,722,400,000,000.00 "," 51,121,700,000,000.00 "," 54,673,800,000,000.00 "," 55,960,100,000,000.00 ",
China,CHN,Exports of goods and services (current LCU),NE.EXP.GNFS.CN," 10,408,200,000,000.00 "," 8,625,760,000,000.00 "," 11,203,600,000,000.00 "," 12,963,700,000,000.00 "," 13,729,800,000,000.00 "," 14,586,500,000,000.00 "," 15,130,200,000,000.00 "," 14,709,900,000,000.00 "," 14,617,700,000,000.00 "," 16,384,700,000,000.00 "," 17,569,400,000,000.00 "," 18,247,000,000,000.00 ",
Cote d'Ivoire,CIV,Exports of goods and services (current LCU),NE.EXP.GNFS.CN," 5,111,170,000,000.00 "," 5,829,700,000,000.00 "," 6,240,330,000,000.00 "," 6,445,870,000,000.00 "," 6,692,160,000,000.00 "," 6,414,790,000,000.00 "," 6,857,750,000,000.00 "," 7,409,580,000,000.00 "," 6,990,870,000,000.00 "," 7,464,830,000,000.00 "," 7,245,000,000,000.00 "," 8,098,950,000,000.00 ",
Cameroon,CMR,Exports of goods and services (current LCU),NE.EXP.GNFS.CN," 3,436,490,000,000.00 "," 2,629,460,000,000.00 "," 2,870,950,000,000.00 "," 3,589,810,000,000.00 "," 3,880,800,000,000.00 "," 4,086,060,000,000.00 "," 4,308,380,000,000.00 "," 4,070,270,000,000.00 "," 3,721,820,000,000.00 "," 3,777,810,000,000.00 "," 4,151,000,000,000.00 "," 3,760,180,000,000.00 ",
"Congo, Dem. Rep.",COD,Exports of goods and services (current LCU),NE.EXP.GNFS.CN," 4,319,430,000,000.00 "," 4,049,200,000,000.00 "," 8,031,750,000,000.00 "," 9,388,680,000,000.00 "," 8,302,810,000,000.00 "," 10,952,400,000,000.00 "," 12,237,100,000,000.00 "," 9,734,790,000,000.00 "," 8,987,830,000,000.00 "," 19,626,100,000,000.00 "," 26,091,400,000,000.00 "," 25,001,900,000,000.00 ",
"Congo, Rep.",COG,Exports of goods and services (current LCU),NE.EXP.GNFS.CN," 3,990,940,000,000.00 "," 3,189,890,000,000.00 "," 5,062,260,000,000.00 "," 5,941,320,000,000.00 "," 5,849,980,000,000.00 "," 5,325,870,000,000.00 "," 5,116,030,000,000.00 "," 3,504,480,000,000.00 "," 3,561,450,000,000.00 "," 4,762,790,000,000.00 "," 6,337,040,000,000.00 "," 4,910,110,000,000.00 ",
Colombia,COL,Exports of goods and services (current LCU),NE.EXP.GNFS.CN," 86,302,000,000,000.00 "," 82,381,000,000,000.00 "," 88,904,000,000,000.00 "," 119,326,000,000,000.00 "," 125,378,000,000,000.00 "," 129,154,000,000,000.00 "," 126,907,000,000,000.00 "," 125,936,000,000,000.00 "," 127,124,000,000,000.00 "," 139,408,000,000,000.00 "," 156,703,000,000,000.00 "," 168,849,000,000,000.00 ",
Comoros,COM,Exports of goods and services (current LCU),NE.EXP.GNFS.CN," 25,181,000,000.00 "," 29,736,000,000.00 "," 32,478,000,000.00 "," 36,002,000,000.00 "," 34,798,000,000.00 "," 37,413,000,000.00 "," 41,194,000,000.00 "," 43,418,000,000.00 "," 48,045,000,000.00 "," 55,843,000,000.00 "," 65,042,000,000.00 ",,
Cabo Verde,CPV,Exports of goods and services (current LCU),NE.EXP.GNFS.CN," 49,698,251,000.00 "," 42,227,756,500.00 "," 45,270,775,400.00 "," 52,541,480,200.00 "," 60,789,735,600.00 "," 62,246,267,800.00 "," 62,332,026,000.00 "," 71,267,713,200.00 "," 73,324,941,000.00 "," 79,491,195,800.00 "," 90,436,454,800.00 "," 99,288,526,000.00 ",
Costa Rica,CRI,Exports of goods and services (current LCU),NE.EXP.GNFS.CN," 6,290,130,000,000.00 "," 6,104,340,000,000.00 "," 6,500,880,000,000.00 "," 7,021,690,000,000.00 "," 7,518,480,000,000.00 "," 7,789,680,000,000.00 "," 8,782,030,000,000.00 "," 9,025,970,000,000.00 "," 9,993,330,000,000.00 "," 10,874,100,000,000.00 "," 11,696,900,000,000.00 "," 12,245,400,000,000.00 ",
Caribbean small states,CSS,Exports of goods and services (current LCU),NE.EXP.GNFS.CN,,,,,,,,,,,,,
Cuba,CUB,Exports of goods and services (current LCU),NE.EXP.GNFS.CN," 12,506,400,000.00 "," 10,839,000,000.00 "," 14,519,000,000.00 "," 17,319,000,000.00 "," 18,659,000,000.00 "," 18,593,000,000.00 "," 17,812,000,000.00 "," 14,941,000,000.00 "," 13,690,000,000.00 "," 14,083,000,000.00 "," 14,505,000,000.00 ",,
Curacao,CUW,Exports of goods and services (current LCU),NE.EXP.GNFS.CN," 3,523,300,000.00 "," 3,116,600,000.00 "," 2,934,100,000.00 "," 3,863,000,000.00 "," 4,241,900,000.00 "," 3,885,500,000.00 "," 4,084,200,000.00 ",,,,,,
Cayman Islands,CYM,Exports of goods and services (current LCU),NE.EXP.GNFS.CN,,,,,,,,,,,,,
Cyprus,CYP,Exports of goods and services (current LCU),NE.EXP.GNFS.CN," 9,520,300,000.00 "," 9,099,100,000.00 "," 9,778,696,000.00 "," 10,593,664,000.00 "," 10,753,133,000.00 "," 11,041,768,000.00 "," 11,508,638,000.00 "," 12,536,961,000.00 "," 13,352,616,000.00 "," 14,632,044,000.00 "," 15,444,400,000.00 "," 15,607,400,000.00 ",
Czech Republic,CZE,Exports of goods and services (current LCU),NE.EXP.GNFS.CN," 2,544,300,000,000.00 "," 2,306,530,000,000.00 "," 2,616,400,000,000.00 "," 2,876,360,000,000.00 "," 3,092,440,000,000.00 "," 3,150,270,000,000.00 "," 3,560,850,000,000.00 "," 3,724,850,000,000.00 "," 3,793,200,000,000.00 "," 4,023,990,000,000.00 "," 4,177,140,000,000.00 "," 4,266,870,000,000.00 ",
Germany,DEU,Exports of goods and services (current LCU),NE.EXP.GNFS.CN," 1,115,340,000,000.00 "," 932,310,000,000.00 "," 1,091,550,000,000.00 "," 1,213,640,000,000.00 "," 1,271,270,000,000.00 "," 1,276,880,000,000.00 "," 1,335,470,000,000.00 "," 1,419,550,000,000.00 "," 1,442,410,000,000.00 "," 1,538,040,000,000.00 "," 1,585,770,000,000.00 "," 1,613,460,000,000.00 ",
Djibouti,DJI,Exports of goods and services (current LCU),NE.EXP.GNFS.CN,,,,,," 568,315,000,000.00 "," 623,353,000,000.00 "," 610,974,000,000.00 "," 465,572,000,000.00 "," 722,865,000,000.00 "," 798,759,000,000.00 "," 912,502,000,000.00 ",
Dominica,DMA,Exports of goods and services (current LCU),NE.EXP.GNFS.CN," 423,181,000.00 "," 399,462,800.00 "," 484,062,700.00 "," 531,061,400.00 "," 445,665,800.00 "," 471,754,800.00 "," 480,578,000.00 "," 695,451,500.00 "," 718,468,400.00 "," 569,879,200.00 "," 443,392,700.00 "," 829,842,000.00 ",
Denmark,DNK,Exports of goods and services (current LCU),NE.EXP.GNFS.CN," 975,961,000,000.00 "," 811,578,000,000.00 "," 914,933,000,000.00 "," 993,979,000,000.00 "," 1,035,250,000,000.00 "," 1,058,020,000,000.00 "," 1,081,980,000,000.00 "," 1,128,510,000,000.00 "," 1,126,120,000,000.00 "," 1,199,330,000,000.00 "," 1,249,690,000,000.00 "," 1,296,950,000,000.00 ",
Dominican Republic,DOM,Exports of goods and services (current LCU),NE.EXP.GNFS.CN," 397,245,000,000.00 "," 365,106,000,000.00 "," 449,706,000,000.00 "," 534,584,000,000.00 "," 586,559,000,000.00 "," 659,322,000,000.00 "," 735,845,000,000.00 "," 761,714,000,000.00 "," 833,790,000,000.00 "," 900,550,000,000.00 "," 997,603,000,000.00 "," 1,080,010,000,000.00 ",
Algeria,DZA,Exports of goods and services (current LCU),NE.EXP.GNFS.CN," 5,298,100,000,000.00 "," 3,525,900,000,000.00 "," 4,610,100,000,000.00 "," 5,658,600,000,000.00 "," 5,979,800,000,000.00 "," 5,528,700,000,000.00 "," 5,206,300,000,000.00 "," 3,872,600,000,000.00 "," 3,655,800,000,000.00 "," 4,209,600,000,000.00 "," 5,191,100,000,000.00 "," 4,579,100,000,000.00 ",
East Asia & Pacific (excluding high income),EAP,Exports of goods and services (current LCU),NE.EXP.GNFS.CN,,,,,,,,,,,,,
Early-demographic dividend,EAR,Exports of goods and services (current LCU),NE.EXP.GNFS.CN,,,,,,,,,,,,,
East Asia & Pacific,EAS,Exports of goods and services (current LCU),NE.EXP.GNFS.CN,,,,,,,,,,,,,
Europe & Central Asia (excluding high income),ECA,Exports of goods and services (current LCU),NE.EXP.GNFS.CN,,,,,,,,,,,,,
Europe & Central Asia,ECS,Exports of goods and services (current LCU),NE.EXP.GNFS.CN,,,,,,,,,,,,,
Ecuador,ECU,Exports of goods and services (current LCU),NE.EXP.GNFS.CN," 21,100,364,000.00 "," 15,785,663,000.00 "," 19,402,439,000.00 "," 24,671,849,000.00 "," 26,522,271,000.00 "," 27,243,506,000.00 "," 28,536,122,000.00 "," 21,107,369,000.00 "," 19,492,639,000.00 "," 21,727,767,000.00 "," 24,314,052,000.00 "," 25,129,245,000.00 ",
"Egypt, Arab Rep.",EGY,Exports of goods and services (current LCU),NE.EXP.GNFS.CN," 295,900,000,000.00 "," 260,100,000,000.00 "," 257,600,000,000.00 "," 282,000,000,000.00 "," 274,600,000,000.00 "," 316,600,000,000.00 "," 303,400,000,000.00 "," 322,200,000,000.00 "," 280,300,000,000.00 "," 548,900,000,000.00 "," 839,200,000,000.00 ",,
Euro area,EMU,Exports of goods and services (current LCU),NE.EXP.GNFS.CN,,,,,,,,,,,,,
Eritrea,ERI,Exports of goods and services (current LCU),NE.EXP.GNFS.CN," 939,800,000.00 "," 1,292,772,400.00 "," 1,558,798,700.00 "," 5,764,051,900.00 ",,,,,,,,,
Spain,ESP,Exports of goods and services (current LCU),NE.EXP.GNFS.CN," 284,308,000,000.00 "," 246,604,000,000.00 "," 278,386,000,000.00 "," 314,182,000,000.00 "," 324,335,000,000.00 "," 336,333,000,000.00 "," 345,593,000,000.00 "," 362,356,000,000.00 "," 377,370,000,000.00 "," 408,730,000,000.00 "," 422,170,000,000.00 "," 434,250,000,000.00 ",
Estonia,EST,Exports of goods and services (current LCU),NE.EXP.GNFS.CN," 11,033,106,900.00 "," 8,601,265,900.00 "," 11,063,097,400.00 "," 14,443,136,200.00 "," 15,445,576,000.00 "," 15,992,503,900.00 "," 16,412,566,700.00 "," 15,975,998,000.00 "," 16,802,543,500.00 "," 18,102,362,500.00 "," 19,333,368,100.00 "," 20,347,438,700.00 ",
Ethiopia,ETH,Exports of goods and services (current LCU),NE.EXP.GNFS.CN,,,," 85,950,400,000.00 "," 102,887,000,000.00 "," 108,227,000,000.00 "," 123,496,000,000.00 "," 121,532,000,000.00 "," 122,501,000,000.00 "," 139,830,000,000.00 "," 184,209,000,000.00 "," 213,437,000,000.00 ",
European Union,EUU,Exports of goods and services (current LCU),NE.EXP.GNFS.CN,,,,,,,,,,,,,
Fragile and conflict affected situations,FCS,Exports of goods and services (current LCU),NE.EXP.GNFS.CN,,,,,,,,,,,,,
Finland,FIN,Exports of goods and services (current LCU),NE.EXP.GNFS.CN," 87,225,000,000.00 "," 65,576,000,000.00 "," 72,274,000,000.00 "," 77,022,000,000.00 "," 78,019,000,000.00 "," 77,678,000,000.00 "," 75,479,000,000.00 "," 74,845,000,000.00 "," 75,719,000,000.00 "," 85,085,000,000.00 "," 90,174,000,000.00 "," 95,975,000,000.00 ",
Fiji,FJI,Exports of goods and services (current LCU),NE.EXP.GNFS.CN,,,,,,,,,,,,,
France,FRA,Exports of goods and services (current LCU),NE.EXP.GNFS.CN," 560,245,000,000.00 "," 480,921,000,000.00 "," 534,504,000,000.00 "," 585,016,000,000.00 "," 609,994,000,000.00 "," 621,707,000,000.00 "," 637,764,000,000.00 "," 672,558,000,000.00 "," 675,769,000,000.00 "," 710,965,000,000.00 "," 748,790,000,000.00 "," 770,689,000,000.00 ",
Faroe Islands,FRO,Exports of goods and services (current LCU),NE.EXP.GNFS.CN," 5,688,300,000.00 "," 5,049,000,000.00 "," 5,786,600,000.00 "," 6,765,900,000.00 "," 7,175,500,000.00 "," 7,897,800,000.00 "," 8,217,100,000.00 "," 8,676,000,000.00 ",,,,,
"Micronesia, Fed. Sts.",FSM,Exports of goods and services (current LCU),NE.EXP.GNFS.CN," 61,367,200.00 "," 61,304,000.00 "," 70,347,100.00 "," 76,935,900.00 "," 97,807,400.00 "," 96,425,000.00 "," 101,619,000.00 "," 85,658,000.00 "," 91,885,300.00 "," 109,856,900.00 "," 142,584,400.00 ",,
Gabon,GAB,Exports of goods and services (current LCU),NE.EXP.GNFS.CN," 4,319,660,000,000.00 "," 2,972,220,000,000.00 "," 4,100,730,000,000.00 "," 5,298,640,000,000.00 "," 5,343,210,000,000.00 "," 4,984,660,000,000.00 "," 4,001,690,000,000.00 "," 3,914,310,000,000.00 "," 3,659,620,000,000.00 "," 4,354,110,000,000.00 "," 4,733,300,000,000.00 "," 5,014,560,000,000.00 ",
United Kingdom,GBR,Exports of goods and services (current LCU),NE.EXP.GNFS.CN," 429,113,000,000.00 "," 408,140,000,000.00 "," 452,946,000,000.00 "," 509,554,000,000.00 "," 513,270,000,000.00 "," 533,788,000,000.00 "," 530,698,000,000.00 "," 530,049,000,000.00 "," 567,499,000,000.00 "," 629,085,000,000.00 "," 656,478,000,000.00 "," 698,626,000,000.00 ",
Georgia,GEO,Exports of goods and services (current LCU),NE.EXP.GNFS.CN," 5,391,200,000.00 "," 5,314,000,000.00 "," 7,191,200,000.00 "," 8,838,000,000.00 "," 9,942,400,000.00 "," 11,929,600,000.00 "," 12,429,200,000.00 "," 13,866,600,000.00 "," 14,621,000,000.00 "," 18,965,400,000.00 "," 22,548,800,000.00 "," 26,999,600,000.00 ",
Ghana,GHA,Exports of goods and services (current LCU),NE.EXP.GNFS.CN," 7,553,539,300.00 "," 10,720,117,600.00 "," 13,571,700,000.00 "," 22,094,120,300.00 "," 30,396,692,600.00 "," 31,938,030,700.00 "," 44,797,344,700.00 "," 57,653,361,500.00 "," 68,568,013,000.00 "," 90,497,203,200.00 "," 106,003,000,000.00 "," 125,732,000,000.00 ",
Gibraltar,GIB,Exports of goods and services (current LCU),NE.EXP.GNFS.CN,,,,,,,,,,,,,
Guinea,GIN,Exports of goods and services (current LCU),NE.EXP.GNFS.CN," 6,935,120,000,000.00 "," 7,260,990,000,000.00 "," 11,906,900,000,000.00 "," 14,728,300,000,000.00 "," 17,681,500,000,000.00 "," 15,317,100,000,000.00 "," 16,433,000,000,000.00 "," 14,151,200,000,000.00 "," 22,522,100,000,000.00 "," 41,676,100,000,000.00 "," 49,153,800,000,000.00 "," 52,762,800,000,000.00 ",
"Gambia, The",GMB,Exports of goods and services (current LCU),NE.EXP.GNFS.CN," 5,017,000,000.00 "," 6,084,000,000.00 "," 6,341,000,000.00 "," 7,002,000,000.00 "," 9,006,000,000.00 "," 9,488,000,000.00 "," 10,167,000,000.00 "," 9,530,000,000.00 "," 10,585,000,000.00 "," 15,776,000,000.00 "," 17,182,000,000.00 "," 18,923,540,160.00 ",
Guinea-Bissau,GNB,Exports of goods and services (current LCU),NE.EXP.GNFS.CN," 76,860,961,000.00 "," 73,588,380,000.00 "," 62,682,300,000.00 "," 133,065,000,000.00 "," 78,162,000,000.00 "," 94,328,000,000.00 "," 105,255,000,000.00 "," 170,691,000,000.00 "," 185,208,000,000.00 "," 217,745,000,000.00 "," 205,300,000,000.00 "," 184,409,000,000.00 ",
Equatorial Guinea,GNQ,Exports of goods and services (current LCU),NE.EXP.GNFS.CN," 7,891,100,000,000.00 "," 5,275,260,000,000.00 "," 6,922,670,000,000.00 "," 7,558,060,000,000.00 "," 8,219,110,000,000.00 "," 7,333,970,000,000.00 "," 7,088,980,000,000.00 "," 4,416,770,000,000.00 "," 3,424,800,000,000.00 "," 4,170,180,000,000.00 "," 4,337,700,000,000.00 "," 3,562,040,000,000.00 ",
Greece,GRC,Exports of goods and services (current LCU),NE.EXP.GNFS.CN," 56,532,752,200.00 "," 45,089,181,800.00 "," 49,957,934,100.00 "," 52,865,684,400.00 "," 54,844,917,500.00 "," 54,834,766,600.00 "," 57,836,534,800.00 "," 55,930,808,900.00 "," 53,058,887,900.00 "," 59,454,498,800.00 "," 66,735,606,200.00 "," 69,710,354,200.00 ",
Grenada,GRD,Exports of goods and services (current LCU),NE.EXP.GNFS.CN," 561,062,200.00 "," 505,540,700.00 "," 496,158,000.00 "," 529,691,200.00 "," 557,525,600.00 "," 578,464,700.00 "," 1,292,138,700.00 "," 1,379,101,500.00 "," 1,413,580,100.00 "," 1,561,168,300.00 "," 1,735,874,600.00 "," 1,808,870,900.00 ",
Greenland,GRL,Exports of goods and services (current LCU),NE.EXP.GNFS.CN," 4,711,400,000.00 "," 4,168,000,000.00 "," 4,794,400,000.00 "," 5,476,300,000.00 "," 5,670,500,000.00 "," 5,685,100,000.00 "," 6,136,800,000.00 "," 6,318,600,000.00 "," 7,428,900,000.00 "," 7,633,800,000.00 "," 7,867,900,000.00 ",,
Guatemala,GTM,Exports of goods and services (current LCU),NE.EXP.GNFS.CN," 73,134,258,300.00 "," 73,836,244,600.00 "," 85,957,251,700.00 "," 98,783,403,600.00 "," 98,162,466,400.00 "," 91,596,628,000.00 "," 97,268,260,000.00 "," 94,394,886,000.00 "," 94,140,827,000.00 "," 97,377,791,000.00 "," 100,180,000,000.00 "," 104,480,000,000.00 ",
Guam,GUM,Exports of goods and services (current LCU),NE.EXP.GNFS.CN," 973,000,000.00 "," 838,000,000.00 "," 846,000,000.00 "," 928,000,000.00 "," 1,004,000,000.00 "," 1,053,000,000.00 "," 1,058,000,000.00 "," 1,048,000,000.00 "," 1,123,000,000.00 "," 1,129,000,000.00 "," 1,165,000,000.00 ",,
Guyana,GUY,Exports of goods and services (current LCU),NE.EXP.GNFS.CN," 206,694,000,000.00 "," 205,717,000,000.00 "," 179,310,000,000.00 "," 228,434,000,000.00 "," 289,273,000,000.00 "," 282,483,000,000.00 "," 241,024,000,000.00 "," 237,735,000,000.00 "," 297,491,000,000.00 "," 296,809,000,000.00 "," 285,776,000,000.00 "," 294,637,000,000.00 ",
High income,HIC,Exports of goods and services (current LCU),NE.EXP.GNFS.CN,,,,,,,,,,,,,
"Hong Kong SAR, China",HKG,Exports of goods and services (current LCU),NE.EXP.GNFS.CN," 3,302,540,000,000.00 "," 2,955,700,000,000.00 "," 3,647,210,000,000.00 "," 4,117,480,000,000.00 "," 4,396,980,000,000.00 "," 4,738,700,000,000.00 "," 4,815,850,000,000.00 "," 4,698,170,000,000.00 "," 4,657,550,000,000.00 "," 5,024,070,000,000.00 "," 5,340,230,000,000.00 "," 5,085,190,000,000.00 ",
Honduras,HND,Exports of goods and services (current LCU),NE.EXP.GNFS.CN," 134,686,000,000.00 "," 108,958,000,000.00 "," 136,950,000,000.00 "," 171,728,000,000.00 "," 183,937,000,000.00 "," 180,519,000,000.00 "," 197,211,000,000.00 "," 207,950,000,000.00 "," 211,829,000,000.00 "," 236,812,000,000.00 "," 239,800,000,000.00 "," 247,533,000,000.00 ",
Heavily indebted poor countries (HIPC),HPC,Exports of goods and services (current LCU),NE.EXP.GNFS.CN,,,,,,,,,,,,,
Croatia,HRV,Exports of goods and services (current LCU),NE.EXP.GNFS.CN," 126,216,000,000.00 "," 108,043,000,000.00 "," 118,952,000,000.00 "," 129,502,000,000.00 "," 130,634,000,000.00 "," 133,923,000,000.00 "," 143,473,000,000.00 "," 157,550,000,000.00 "," 167,273,000,000.00 "," 183,319,000,000.00 "," 193,399,000,000.00 "," 204,633,000,000.00 ",
Haiti,HTI,Exports of goods and services (current LCU),NE.EXP.GNFS.CN," 31,903,000,000.00 "," 42,084,000,000.00 "," 40,956,000,000.00 "," 52,848,000,000.00 "," 55,466,000,000.00 "," 66,544,000,000.00 "," 72,520,000,000.00 "," 84,760,000,000.00 "," 99,716,000,000.00 "," 103,970,000,000.00 "," 107,894,000,000.00 "," 120,498,000,000.00 ",
Hungary,HUN,Exports of goods and services (current LCU),NE.EXP.GNFS.CN," 21,576,800,000,000.00 "," 19,684,800,000,000.00 "," 22,292,400,000,000.00 "," 24,565,000,000,000.00 "," 24,902,100,000,000.00 "," 25,923,800,000,000.00 "," 28,580,600,000,000.00 "," 30,603,800,000,000.00 "," 31,284,300,000,000.00 "," 33,842,200,000,000.00 "," 36,236,500,000,000.00 "," 38,986,500,000,000.00 ",
IBRD only,IBD,Exports of goods and services (current LCU),NE.EXP.GNFS.CN,,,,,,,,,,,,,
IDA & IBRD total,IBT,Exports of goods and services (current LCU),NE.EXP.GNFS.CN,,,,,,,,,,,,,
IDA total,IDA,Exports of goods and services (current LCU),NE.EXP.GNFS.CN,,,,,,,,,,,,,
IDA blend,IDB,Exports of goods and services (current LCU),NE.EXP.GNFS.CN,,,,,,,,,,,,,
Indonesia,IDN,Exports of goods and services (current LCU),NE.EXP.GNFS.CN," 1,475,120,000,000,000.00 "," 1,354,410,000,000,000.00 "," 1,667,920,000,000,000.00 "," 2,061,890,000,000,000.00 "," 2,118,980,000,000,000.00 "," 2,283,780,000,000,000.00 "," 2,501,420,000,000,000.00 "," 2,438,990,000,000,000.00 "," 2,367,370,000,000,000.00 "," 2,742,060,000,000,000.00 "," 3,111,920,000,000,000.00 "," 2,914,640,000,000,000.00 ",
IDA only,IDX,Exports of goods and services (current LCU),NE.EXP.GNFS.CN,,,,,,,,,,,,,
Isle of Man,IMN,Exports of goods and services (current LCU),NE.EXP.GNFS.CN,,,,,,,,,,,,,
India,IND,Exports of goods and services (current LCU),NE.EXP.GNFS.CN," 13,287,700,000,000.00 "," 12,987,800,000,000.00 "," 17,101,900,000,000.00 "," 21,439,300,000,000.00 "," 24,397,100,000,000.00 "," 28,567,800,000,000.00 "," 28,636,400,000,000.00 "," 27,286,500,000,000.00 "," 29,487,700,000,000.00 "," 32,115,200,000,000.00 "," 37,662,900,000,000.00 "," 38,042,000,000,000.00 ",
Not classified,INX,Exports of goods and services (current LCU),NE.EXP.GNFS.CN,,,,,,,,,,,,,
Ireland,IRL,Exports of goods and services (current LCU),NE.EXP.GNFS.CN," 157,942,000,000.00 "," 158,596,000,000.00 "," 172,797,000,000.00 "," 177,303,000,000.00 "," 183,013,000,000.00 "," 186,244,000,000.00 "," 214,350,000,000.00 "," 320,565,000,000.00 "," 328,235,000,000.00 "," 359,655,000,000.00 "," 396,383,000,000.00 "," 440,253,000,000.00 ",
"Iran, Islamic Rep.",IRN,Exports of goods and services (current LCU),NE.EXP.GNFS.CN," 1,033,250,000,000,000.00 "," 932,867,000,000,000.00 "," 1,228,720,000,000,000.00 "," 1,639,570,000,000,000.00 "," 1,771,530,000,000,000.00 "," 2,670,440,000,000,000.00 "," 2,665,250,000,000,000.00 "," 2,253,540,000,000,000.00 "," 2,946,410,000,000,000.00 "," 3,820,280,000,000,000.00 ",,,
Iraq,IRQ,Exports of goods and services (current LCU),NE.EXP.GNFS.CN," 79,028,600,000,000.00 "," 51,473,600,000,000.00 "," 63,880,700,000,000.00 "," 96,531,300,000,000.00 "," 113,000,000,000,000.00 "," 108,555,000,000,000.00 "," 113,102,000,000,000.00 "," 73,224,800,000,000.00 "," 66,357,100,000,000.00 "," 87,700,100,000,000.00 "," 116,555,000,000,000.00 "," 102,596,000,000,000.00 ",
Iceland,ISL,Exports of goods and services (current LCU),NE.EXP.GNFS.CN," 639,815,000,000.00 "," 791,773,000,000.00 "," 869,551,000,000.00 "," 962,536,000,000.00 "," 1,013,270,000,000.00 "," 1,047,910,000,000.00 "," 1,068,320,000,000.00 "," 1,188,370,000,000.00 "," 1,186,620,000,000.00 "," 1,206,290,000,000.00 "," 1,324,450,000,000.00 "," 1,344,020,000,000.00 ",
Israel,ISR,Exports of goods and services (current LCU),NE.EXP.GNFS.CN," 298,262,000,000.00 "," 270,757,000,000.00 "," 303,795,000,000.00 "," 330,497,000,000.00 "," 356,523,000,000.00 "," 355,783,000,000.00 "," 356,216,000,000.00 "," 363,669,000,000.00 "," 363,741,000,000.00 "," 364,737,000,000.00 "," 391,815,000,000.00 ",,
Italy,ITA,Exports of goods and services (current LCU),NE.EXP.GNFS.CN," 439,932,000,000.00 "," 353,292,000,000.00 "," 404,013,000,000.00 "," 443,061,000,000.00 "," 460,981,000,000.00 "," 461,783,000,000.00 "," 473,719,000,000.00 "," 491,905,000,000.00 "," 497,339,000,000.00 "," 533,720,000,000.00 "," 555,491,000,000.00 "," 565,004,000,000.00 ",
Jamaica,JAM,Exports of goods and services (current LCU),NE.EXP.GNFS.CN," 418,361,000,000.00 "," 367,317,000,000.00 "," 361,227,000,000.00 "," 376,784,000,000.00 "," 396,652,000,000.00 "," 437,876,000,000.00 "," 481,916,000,000.00 "," 496,603,000,000.00 "," 560,227,000,000.00 "," 656,760,000,000.00 "," 768,675,000,000.00 "," 832,818,000,000.00 ",
Jordan,JOR,Exports of goods and services (current LCU),NE.EXP.GNFS.CN," 8,811,200,000.00 "," 7,853,400,000.00 "," 9,053,800,000.00 "," 9,758,100,000.00 "," 10,158,300,000.00 "," 10,101,600,000.00 "," 11,022,700,000.00 "," 10,012,500,000.00 "," 9,644,800,000.00 "," 10,151,000,000.00 "," 10,686,000,000.00 "," 11,563,740,000.00 ",
Japan,JPN,Exports of goods and services (current LCU),NE.EXP.GNFS.CN," 90,729,700,000,000.00 "," 61,290,000,000,000.00 "," 75,237,000,000,000.00 "," 73,342,700,000,000.00 "," 71,990,300,000,000.00 "," 80,082,400,000,000.00 "," 90,135,400,000,000.00 "," 93,570,600,000,000.00 "," 87,112,600,000,000.00 "," 96,906,900,000,000.00 "," 101,355,000,000,000.00 ",,
Kazakhstan,KAZ,Exports of goods and services (current LCU),NE.EXP.GNFS.CN," 9,173,660,000,000.00 "," 7,115,730,000,000.00 "," 9,652,100,000,000.00 "," 13,123,000,000,000.00 "," 13,680,700,000,000.00 "," 13,901,800,000,000.00 "," 15,609,200,000,000.00 "," 11,658,800,000,000.00 "," 14,957,400,000,000.00 "," 17,617,500,000,000.00 "," 23,259,700,000,000.00 "," 25,196,800,000,000.00 ",
Kenya,KEN,Exports of goods and services (current LCU),NE.EXP.GNFS.CN," 563,010,000,000.00 "," 573,672,000,000.00 "," 654,689,000,000.00 "," 805,766,000,000.00 "," 947,190,000,000.00 "," 945,478,000,000.00 "," 988,521,000,000.00 "," 1,041,510,000,000.00 "," 1,006,190,000,000.00 "," 1,080,500,000,000.00 "," 1,171,460,000,000.00 "," 1,171,940,000,000.00 ",
Kyrgyz Republic,KGZ,Exports of goods and services (current LCU),NE.EXP.GNFS.CN," 100,668,000,000.00 "," 110,066,000,000.00 "," 113,610,000,000.00 "," 155,974,000,000.00 "," 137,862,000,000.00 "," 150,113,000,000.00 "," 150,055,000,000.00 "," 151,488,000,000.00 "," 170,648,000,000.00 "," 181,703,000,000.00 "," 179,936,000,000.00 "," 220,588,000,000.00 ",
Cambodia,KHM,Exports of goods and services (current LCU),NE.EXP.GNFS.CN," 27,507,400,000,000.00 "," 21,192,900,000,000.00 "," 25,444,900,000,000.00 "," 28,159,100,000,000.00 "," 32,812,800,000,000.00 "," 38,260,600,000,000.00 "," 42,217,800,000,000.00 "," 45,315,300,000,000.00 "," 49,786,300,000,000.00 "," 54,510,900,000,000.00 "," 61,315,000,000,000.00 "," 67,209,000,000,000.00 ",
Kiribati,KIR,Exports of goods and services (current LCU),NE.EXP.GNFS.CN," 24,735,000.00 "," 25,408,000.00 "," 20,863,000.00 "," 25,017,000.00 "," 25,522,000.00 "," 22,913,000.00 "," 26,736,000.00 "," 35,589,000.00 "," 46,153,000.00 "," 38,406,000.00 "," 25,358,000.00 ",,
St. Kitts and Nevis,KNA,Exports of goods and services (current LCU),NE.EXP.GNFS.CN," 635,681,200.00 "," 476,754,200.00 "," 572,940,900.00 "," 705,631,500.00 "," 752,439,900.00 "," 877,099,800.00 "," 1,580,000,000.00 "," 1,432,000,000.00 "," 1,359,000,000.00 "," 1,364,000,000.00 "," 1,615,000,000.00 "," 1,807,000,000.00 ",
"Korea, Rep.",KOR,Exports of goods and services (current LCU),NE.EXP.GNFS.CN," 549,891,000,000,000.00 "," 544,641,000,000,000.00 "," 622,999,000,000,000.00 "," 740,828,000,000,000.00 "," 779,015,000,000,000.00 "," 769,801,000,000,000.00 "," 747,571,000,000,000.00 "," 712,776,000,000,000.00 "," 698,621,000,000,000.00 "," 751,429,000,000,000.00 "," 788,279,000,000,000.00 "," 762,252,000,000,000.00 ",
Kuwait,KWT,Exports of goods and services (current LCU),NE.EXP.GNFS.CN," 26,450,000,000.00 "," 18,125,000,000.00 "," 22,055,000,000.00 "," 31,126,000,000.00 "," 36,411,000,000.00 "," 35,000,000,000.00 "," 31,708,000,000.00 "," 18,535,000,000.00 "," 15,745,000,000.00 "," 18,743,000,000.00 "," 24,092,000,000.00 ",,
Latin America & Caribbean (excluding high income),LAC,Exports of goods and services (current LCU),NE.EXP.GNFS.CN,,,,,,,,,,,,,
Lao PDR,LAO,Exports of goods and services (current LCU),NE.EXP.GNFS.CN," 15,782,300,000,000.00 "," 14,943,300,000,000.00 "," 20,829,400,000,000.00 "," 28,343,800,000,000.00 "," 30,911,100,000,000.00 "," 35,832,200,000,000.00 "," 43,524,800,000,000.00 "," 39,809,700,000,000.00 "," 42,932,800,000,000.00 ",,,,
Lebanon,LBN,Exports of goods and services (current LCU),NE.EXP.GNFS.CN," 16,920,300,000,000.00 "," 17,714,800,000,000.00 "," 20,297,400,000,000.00 "," 21,887,000,000,000.00 "," 19,116,400,000,000.00 "," 18,831,700,000,000.00 "," 17,224,100,000,000.00 "," 17,416,900,000,000.00 "," 16,751,900,000,000.00 "," 17,528,200,000,000.00 "," 17,169,200,000,000.00 "," 17,428,400,000,000.00 ",
Liberia,LBR,Exports of goods and services (current LCU),NE.EXP.GNFS.CN," 593,614,500.00 "," 269,879,600.00 "," 382,397,400.00 "," 522,939,000.00 "," 895,554,700.00 "," 1,060,553,000.00 "," 893,908,100.00 "," 618,531,000.00 "," 702,000,000.00 "," 797,846,200.00 "," 849,000,000.00 "," 882,016,400.00 ",
Libya,LBY,Exports of goods and services (current LCU),NE.EXP.GNFS.CN," 77,311,000,000.00 "," 46,800,000,000.00 "," 62,143,000,000.00 "," 23,291,000,000.00 "," 77,085,000,000.00 "," 58,671,300,000.00 "," 24,612,000,000.00 "," 15,369,400,000.00 "," 9,520,800,000.00 "," 26,370,400,000.00 "," 40,895,000,000.00 "," 47,212,352,100.00 ",
St. Lucia,LCA,Exports of goods and services (current LCU),NE.EXP.GNFS.CN,,,,,,,,,,,,,
Latin America & Caribbean,LCN,Exports of goods and services (current LCU),NE.EXP.GNFS.CN,,,,,,,,,,,,,
Least developed countries: UN classification,LDC,Exports of goods and services (current LCU),NE.EXP.GNFS.CN,,,,,,,,,,,,,
Low income,LIC,Exports of goods and services (current LCU),NE.EXP.GNFS.CN,,,,,,,,,,,,,
Liechtenstein,LIE,Exports of goods and services (current LCU),NE.EXP.GNFS.CN,,,,,,,,,,,,,
Sri Lanka,LKA,Exports of goods and services (current LCU),NE.EXP.GNFS.CN," 1,095,680,000,000.00 "," 1,031,290,000,000.00 "," 1,254,020,000,000.00 "," 1,508,570,000,000.00 "," 1,730,470,000,000.00 "," 1,949,160,000,000.00 "," 2,185,040,000,000.00 "," 2,301,070,000,000.00 "," 2,540,050,000,000.00 "," 2,909,720,000,000.00 "," 3,292,410,000,000.00 "," 3,472,340,000,000.00 ",
Lower middle income,LMC,Exports of goods and services (current LCU),NE.EXP.GNFS.CN,,,,,,,,,,,,,
Low & middle income,LMY,Exports of goods and services (current LCU),NE.EXP.GNFS.CN,,,,,,,,,,,,,
Lesotho,LSO,Exports of goods and services (current LCU),NE.EXP.GNFS.CN," 7,724,393,100.00 "," 6,603,386,200.00 "," 6,890,994,141.00 "," 8,936,702,148.00 "," 8,504,172,852.00 "," 8,736,508,789.00 "," 10,106,624,023.00 "," 12,913,469,727.00 "," 14,238,570,313.00 "," 14,591,830,078.00 "," 16,951,099,609.00 "," 15,512,180,000.00 ",
Late-demographic dividend,LTE,Exports of goods and services (current LCU),NE.EXP.GNFS.CN,,,,,,,,,,,,,
Lithuania,LTU,Exports of goods and services (current LCU),NE.EXP.GNFS.CN," 18,682,330,300.00 "," 13,989,730,100.00 "," 17,925,493,900.00 "," 22,824,268,300.00 "," 26,135,644,500.00 "," 27,565,106,600.00 "," 26,437,469,100.00 "," 25,685,490,000.00 "," 26,283,920,000.00 "," 31,112,700,000.00 "," 34,229,330,000.00 "," 37,820,250,000.00 ",
Luxembourg,LUX,Exports of goods and services (current LCU),NE.EXP.GNFS.CN," 71,343,105,000.00 "," 60,667,189,000.00 "," 70,119,559,000.00 "," 76,828,605,000.00 "," 82,244,490,000.00 "," 88,641,452,000.00 "," 105,930,000,000.00 "," 115,168,000,000.00 "," 116,887,000,000.00 "," 123,640,000,000.00 "," 127,048,000,000.00 "," 132,592,000,000.00 ",
Latvia,LVA,Exports of goods and services (current LCU),NE.EXP.GNFS.CN," 9,629,045,000.00 "," 8,020,670,000.00 "," 9,624,988,000.00 "," 11,738,382,000.00 "," 13,417,954,000.00 "," 13,741,237,000.00 "," 14,476,868,000.00 "," 14,831,459,000.00 "," 15,144,263,000.00 "," 16,648,516,000.00 "," 17,870,755,000.00 "," 18,257,132,000.00 ",
"Macao SAR, China",MAC,Exports of goods and services (current LCU),NE.EXP.GNFS.CN," 134,396,000,000.00 "," 135,322,000,000.00 "," 197,573,000,000.00 "," 266,895,000,000.00 "," 313,238,000,000.00 "," 373,306,000,000.00 "," 375,478,000,000.00 "," 282,211,000,000.00 "," 276,102,000,000.00 "," 325,628,000,000.00 "," 368,141,000,000.00 "," 362,959,000,000.00 ",
St. Martin (French part),MAF,Exports of goods and services (current LCU),NE.EXP.GNFS.CN,,,,,,,,,,,,,
Morocco,MAR,Exports of goods and services (current LCU),NE.EXP.GNFS.CN," 256,258,000,000.00 "," 209,599,000,000.00 "," 252,908,000,000.00 "," 284,567,000,000.00 "," 296,161,000,000.00 "," 294,318,000,000.00 "," 320,480,000,000.00 "," 343,807,000,000.00 "," 358,192,000,000.00 "," 395,706,000,000.00 "," 428,724,000,000.00 "," 446,890,000,000.00 ",
Monaco,MCO,Exports of goods and services (current LCU),NE.EXP.GNFS.CN,,,,,,,,,,,,,
Moldova,MDA,Exports of goods and services (current LCU),NE.EXP.GNFS.CN," 25,683,973,000.00 "," 22,281,751,000.00 "," 24,010,104,000.00 "," 32,141,125,000.00 "," 32,838,988,000.00 "," 38,361,222,000.00 "," 41,607,153,000.00 "," 46,488,782,000.00 "," 51,957,763,000.00 "," 55,629,742,000.00 "," 58,019,585,000.00 "," 64,123,036,800.00 ",
Madagascar,MDG,Exports of goods and services (current LCU),NE.EXP.GNFS.CN," 5,076,660,000,000.00 "," 3,833,220,000,000.00 "," 4,563,730,000,000.00 "," 5,314,990,000,000.00 "," 5,535,660,000,000.00 "," 6,380,700,000,000.00 "," 8,552,620,000,000.00 "," 9,430,290,000,000.00 "," 10,949,700,000,000.00 "," 12,688,300,000,000.00 "," 13,247,800,000,000.00 "," 13,486,400,000,000.00 ",
Maldives,MDV,Exports of goods and services (current LCU),NE.EXP.GNFS.CN," 25,212,809,700.00 "," 21,916,131,100.00 "," 25,695,177,800.00 "," 35,661,058,900.00 "," 38,196,090,400.00 "," 44,684,733,000.00 "," 50,742,980,500.00 "," 48,328,625,336.00 "," 48,372,864,906.00 "," 51,070,566,977.00 "," 56,840,394,755.00 "," 58,424,777,613.00 ",
Middle East & North Africa,MEA,Exports of goods and services (current LCU),NE.EXP.GNFS.CN,,,,,,,,,,,,,
Mexico,MEX,Exports of goods and services (current LCU),NE.EXP.GNFS.CN," 3,422,200,000,000.00 "," 3,302,800,000,000.00 "," 3,969,500,000,000.00 "," 4,551,710,000,000.00 "," 5,103,690,000,000.00 "," 5,095,680,000,000.00 "," 5,572,850,000,000.00 "," 6,412,000,000,000.00 "," 7,456,370,000,000.00 "," 8,258,560,000,000.00 "," 9,229,650,000,000.00 "," 9,468,090,000,000.00 ",
Marshall Islands,MHL,Exports of goods and services (current LCU),NE.EXP.GNFS.CN," 44,116,900.00 "," 43,263,000.00 "," 60,740,800.00 "," 88,380,600.00 "," 100,502,300.00 "," 96,183,600.00 "," 92,178,100.00 "," 82,374,800.00 "," 73,297,300.00 "," 83,395,500.00 "," 89,500,700.00 ",,
Middle income,MIC,Exports of goods and services (current LCU),NE.EXP.GNFS.CN,,,,,,,,,,,,,
North Macedonia,MKD,Exports of goods and services (current LCU),NE.EXP.GNFS.CN," 179,334,000,000.00 "," 136,019,000,000.00 "," 173,999,000,000.00 "," 218,744,000,000.00 "," 211,763,000,000.00 "," 217,803,000,000.00 "," 251,484,000,000.00 "," 272,423,000,000.00 "," 301,346,000,000.00 "," 340,859,000,000.00 "," 398,635,000,000.00 "," 430,328,000,000.00 ",
Mali,MLI,Exports of goods and services (current LCU),NE.EXP.GNFS.CN," 1,103,310,000,000.00 "," 1,044,850,000,000.00 "," 1,207,840,000,000.00 "," 1,391,740,000,000.00 "," 1,769,540,000,000.00 "," 1,631,250,000,000.00 "," 1,599,810,000,000.00 "," 1,862,830,000,000.00 "," 1,948,560,000,000.00 "," 1,981,990,000,000.00 "," 2,325,200,000,000.00 "," 2,361,290,000,000.00 ",
Malta,MLT,Exports of goods and services (current LCU),NE.EXP.GNFS.CN," 9,099,700,000.00 "," 9,068,900,000.00 "," 10,114,100,000.00 "," 10,965,050,900.00 "," 11,845,038,300.00 "," 12,001,782,700.00 "," 12,664,482,800.00 "," 14,850,775,800.00 "," 15,716,379,100.00 "," 16,895,124,371.00 "," 17,922,294,815.00 "," 18,571,172,029.00 ",
Myanmar,MMR,Exports of goods and services (current LCU),NE.EXP.GNFS.CN," 34,073,200,000.00 "," 34,813,500,000.00 "," 7,791,730,000,000.00 "," 46,060,100,000.00 "," 5,893,970,000,000.00 "," 11,390,600,000,000.00 "," 13,111,400,000,000.00 "," 17,051,200,000,000.00 "," 21,454,600,000,000.00 "," 26,314,700,000,000.00 "," 31,987,800,000,000.00 ",,
Middle East & North Africa (excluding high income),MNA,Exports of goods and services (current LCU),NE.EXP.GNFS.CN,,,,,,,,,,,,,
Montenegro,MNE,Exports of goods and services (current LCU),NE.EXP.GNFS.CN," 1,226,429,000.00 "," 1,027,827,000.00 "," 1,157,671,000.00 "," 1,382,597,000.00 "," 1,389,430,000.00 "," 1,390,129,000.00 "," 1,388,138,000.00 "," 1,539,210,000.00 "," 1,605,436,000.00 "," 1,765,000,000.00 "," 1,999,317,000.00 "," 2,163,291,000.00 ",
Mongolia,MNG,Exports of goods and services (current LCU),NE.EXP.GNFS.CN," 3,541,120,000,000.00 "," 3,313,640,000,000.00 "," 4,554,280,000,000.00 "," 6,923,280,000,000.00 "," 7,271,500,000,000.00 "," 7,456,910,000,000.00 "," 11,613,400,000,000.00 "," 10,567,100,000,000.00 "," 12,019,500,000,000.00 "," 16,668,500,000,000.00 "," 18,951,600,000,000.00 "," 22,632,800,000,000.00 ",
Northern Mariana Islands,MNP,Exports of goods and services (current LCU),NE.EXP.GNFS.CN," 488,000,000.00 "," 312,000,000.00 "," 335,000,000.00 "," 317,000,000.00 "," 380,000,000.00 "," 414,000,000.00 "," 451,000,000.00 "," 504,000,000.00 "," 903,000,000.00 "," 1,113,000,000.00 "," 712,000,000.00 ",,
Mozambique,MOZ,Exports of goods and services (current LCU),NE.EXP.GNFS.CN," 80,814,332,500.00 "," 88,745,001,000.00 "," 107,156,000,000.00 "," 125,822,000,000.00 "," 133,999,000,000.00 "," 136,661,000,000.00 "," 173,766,000,000.00 "," 198,204,000,000.00 "," 252,496,000,000.00 "," 324,267,000,000.00 "," 424,027,000,000.00 "," 355,342,000,000.00 ",
Mauritania,MRT,Exports of goods and services (current LCU),NE.EXP.GNFS.CN," 51,595,467,300.00 "," 46,071,082,700.00 "," 71,032,057,000.00 "," 95,430,684,800.00 "," 96,316,214,800.00 "," 98,924,501,100.00 "," 74,618,600,000.00 "," 67,717,883,900.00 "," 71,993,100,300.00 "," 94,580,363,300.00 "," 98,760,815,400.00 "," 116,587,000,000.00 ",
Mauritius,MUS,Exports of goods and services (current LCU),NE.EXP.GNFS.CN," 145,170,000,000.00 "," 139,101,000,000.00 "," 157,790,000,000.00 "," 173,405,000,000.00 "," 188,619,000,000.00 "," 180,305,000,000.00 "," 191,507,000,000.00 "," 196,184,000,000.00 "," 192,385,000,000.00 "," 194,090,000,000.00 "," 196,231,000,000.00 "," 197,061,000,000.00 ",
Malawi,MWI,Exports of goods and services (current LCU),NE.EXP.GNFS.CN," 169,410,000,000.00 "," 175,047,000,000.00 "," 238,657,000,000.00 "," 260,286,000,000.00 "," 393,505,000,000.00 "," 717,161,000,000.00 "," 866,026,000,000.00 "," 928,371,000,000.00 "," 1,286,020,000,000.00 "," 1,342,400,000,000.00 "," 1,564,450,000,000.00 "," 1,773,300,000,000.00 ",
Malaysia,MYS,Exports of goods and services (current LCU),NE.EXP.GNFS.CN," 766,096,000,000.00 "," 651,671,000,000.00 "," 714,075,000,000.00 "," 777,302,000,000.00 "," 770,202,000,000.00 "," 770,368,000,000.00 "," 816,483,000,000.00 "," 817,370,000,000.00 "," 834,491,000,000.00 "," 960,778,000,000.00 "," 994,860,000,000.00 "," 987,146,000,000.00 ",
North America,NAC,Exports of goods and services (current LCU),NE.EXP.GNFS.CN,,,,,,,,,,,,,
Namibia,NAM,Exports of goods and services (current LCU),NE.EXP.GNFS.CN," 38,108,052,300.00 "," 39,372,187,200.00 "," 39,447,129,200.00 "," 41,022,510,000.00 "," 46,391,213,500.00 "," 43,982,713,400.00 "," 52,592,749,000.00 "," 51,630,627,000.00 "," 55,180,234,900.00 "," 57,683,217,800.00 "," 64,712,139,600.00 "," 63,984,100,600.00 ",
New Caledonia,NCL,Exports of goods and services (current LCU),NE.EXP.GNFS.CN,,,,,,,,,,,,,
Niger,NER,Exports of goods and services (current LCU),NE.EXP.GNFS.CN," 428,990,000,000.00 "," 517,883,000,000.00 "," 628,720,000,000.00 "," 632,107,000,000.00 "," 774,916,000,000.00 "," 857,454,000,000.00 "," 855,282,000,000.00 "," 780,126,000,000.00 "," 729,137,000,000.00 "," 830,159,000,000.00 "," 805,543,000,000.00 "," 888,894,000,000.00 ",
Nigeria,NGA,Exports of goods and services (current LCU),NE.EXP.GNFS.CN," 10,256,300,000,000.00 "," 8,097,020,000,000.00 "," 14,013,800,000,000.00 "," 19,961,300,000,000.00 "," 22,824,400,000,000.00 "," 14,622,200,000,000.00 "," 16,616,900,000,000.00 "," 10,152,000,000,000.00 "," 9,455,510,000,000.00 "," 15,134,000,000,000.00 "," 20,004,500,000,000.00 ",,
Nicaragua,NIC,Exports of goods and services (current LCU),NE.EXP.GNFS.CN," 56,739,000,000.00 "," 57,358,000,000.00 "," 75,694,000,000.00 "," 98,669,000,000.00 "," 117,721,000,000.00 "," 122,770,000,000.00 "," 138,807,000,000.00 "," 139,373,000,000.00 "," 147,853,000,000.00 "," 171,258,000,000.00 "," 173,749,000,000.00 "," 187,065,000,000.00 ",
Netherlands,NLD,Exports of goods and services (current LCU),NE.EXP.GNFS.CN," 451,703,000,000.00 "," 388,883,000,000.00 "," 446,176,000,000.00 "," 491,041,000,000.00 "," 519,130,000,000.00 "," 527,581,000,000.00 "," 541,129,000,000.00 "," 570,353,000,000.00 "," 563,377,000,000.00 "," 615,553,000,000.00 "," 652,685,000,000.00 "," 670,135,000,000.00 ",
Norway,NOR,Exports of goods and services (current LCU),NE.EXP.GNFS.CN," 1,197,090,000,000.00 "," 952,831,000,000.00 "," 1,030,370,000,000.00 "," 1,152,650,000,000.00 "," 1,205,850,000,000.00 "," 1,203,830,000,000.00 "," 1,224,800,000,000.00 "," 1,176,080,000,000.00 "," 1,098,600,000,000.00 "," 1,197,310,000,000.00 "," 1,357,320,000,000.00 "," 1,311,490,000,000.00 ",
Nepal,NPL,Exports of goods and services (current LCU),NE.EXP.GNFS.CN," 104,207,000,000.00 "," 122,737,000,000.00 "," 114,298,000,000.00 "," 121,714,000,000.00 "," 153,863,000,000.00 "," 181,180,000,000.00 "," 226,022,000,000.00 "," 247,565,000,000.00 "," 213,338,000,000.00 "," 240,392,000,000.00 "," 271,217,000,000.00 "," 299,819,000,000.00 ",
Nauru,NRU,Exports of goods and services (current LCU),NE.EXP.GNFS.CN," 38,000,000.00 "," 50,000,000.00 "," 28,000,000.00 "," 41,000,000.00 "," 67,000,000.00 "," 86,000,000.00 "," 91,000,000.00 "," 55,000,000.00 "," 72,000,000.00 "," 52,000,000.00 "," 42,000,000.00 "," 33,000,000.00 ",
New Zealand,NZL,Exports of goods and services (current LCU),NE.EXP.GNFS.CN," 60,759,000,000.00 "," 55,832,000,000.00 "," 61,559,000,000.00 "," 64,749,000,000.00 "," 62,766,000,000.00 "," 67,076,000,000.00 "," 67,861,000,000.00 "," 71,040,000,000.00 "," 71,763,000,000.00 "," 79,455,000,000.00 "," 84,083,000,000.00 ",,
OECD members,OED,Exports of goods and services (current LCU),NE.EXP.GNFS.CN,,,,,,,,,,,,,
Oman,OMN,Exports of goods and services (current LCU),NE.EXP.GNFS.CN," 13,695,000,000.00 "," 9,421,000,000.00 "," 14,803,000,000.00 "," 19,046,000,000.00 "," 21,080,000,000.00 "," 22,834,000,000.00 "," 21,899,000,000.00 "," 15,027,000,000.00 "," 11,938,000,000.00 "," 14,213,000,000.00 "," 17,758,000,000.00 "," 17,216,000,000.00 ",
Other small states,OSS,Exports of goods and services (current LCU),NE.EXP.GNFS.CN,,,,,,,,,,,,,
Pakistan,PAK,Exports of goods and services (current LCU),NE.EXP.GNFS.CN," 1,317,200,000,000.00 "," 1,636,200,000,000.00 "," 2,009,460,000,000.00 "," 2,552,610,000,000.00 "," 2,485,100,000,000.00 "," 2,972,180,000,000.00 "," 3,081,310,000,000.00 "," 2,910,170,000,000.00 "," 2,659,180,000,000.00 "," 2,635,930,000,000.00 "," 3,105,760,000,000.00 "," 3,842,420,000,000.00 ",
Panama,PAN,Exports of goods and services (current LCU),NE.EXP.GNFS.CN," 19,644,078,100.00 "," 18,931,148,600.00 "," 20,620,600,000.00 "," 27,135,200,000.00 "," 30,399,600,000.00 "," 29,713,700,000.00 "," 27,635,300,000.00 "," 25,793,700,000.00 "," 24,305,500,000.00 "," 25,995,200,000.00 "," 27,707,800,000.00 ",,
Peru,PER,Exports of goods and services (current LCU),NE.EXP.GNFS.CN," 104,855,000,000.00 "," 96,234,000,000.00 "," 115,975,000,000.00 "," 144,293,000,000.00 "," 139,480,000,000.00 "," 134,847,000,000.00 "," 128,869,000,000.00 "," 128,664,000,000.00 "," 146,375,000,000.00 "," 170,070,000,000.00 "," 185,192,000,000.00 "," 183,096,000,000.00 ",
Philippines,PHL,Exports of goods and services (current LCU),NE.EXP.GNFS.CN," 2,685,290,000,000.00 "," 2,535,550,000,000.00 "," 3,090,050,000,000.00 "," 2,952,650,000,000.00 "," 3,038,020,000,000.00 "," 3,154,530,000,000.00 "," 3,612,660,000,000.00 "," 3,793,930,000,000.00 "," 4,036,260,000,000.00 "," 4,892,870,000,000.00 "," 5,518,570,000,000.00 "," 5,530,950,000,000.00 ",
Palau,PLW,Exports of goods and services (current LCU),NE.EXP.GNFS.CN," 99,626,800.00 "," 85,716,000.00 "," 92,293,000.00 "," 109,502,600.00 "," 128,193,400.00 "," 132,569,500.00 "," 148,907,200.00 "," 163,599,700.00 "," 155,692,600.00 "," 143,219,700.00 "," 133,463,100.00 ",,
Papua New Guinea,PNG,Exports of goods and services (current LCU),NE.EXP.GNFS.CN,,,,,,,,,,,,,
Poland,POL,Exports of goods and services (current LCU),NE.EXP.GNFS.CN," 486,867,000,000.00 "," 510,248,000,000.00 "," 578,916,000,000.00 "," 666,890,000,000.00 "," 724,175,000,000.00 "," 767,471,000,000.00 "," 818,390,000,000.00 "," 891,075,000,000.00 "," 971,399,000,000.00 "," 1,080,960,000,000.00 "," 1,175,870,000,000.00 "," 1,267,510,000,000.00 ",
Pre-demographic dividend,PRE,Exports of goods and services (current LCU),NE.EXP.GNFS.CN,,,,,,,,,,,,,
Puerto Rico,PRI,Exports of goods and services (current LCU),NE.EXP.GNFS.CN," 63,953,600,000.00 "," 60,806,600,000.00 "," 61,657,200,000.00 "," 64,278,000,000.00 "," 58,351,500,000.00 "," 62,357,900,000.00 "," 62,306,200,000.00 "," 69,467,058,800.00 "," 71,742,200,000.00 "," 71,090,900,000.00 "," 60,573,800,000.00 ",,
"Korea, Dem. People?s Rep.",PRK,Exports of goods and services (current LCU),NE.EXP.GNFS.CN,,,,,,,,,,,,,
Portugal,PRT,Exports of goods and services (current LCU),NE.EXP.GNFS.CN," 55,989,462,000.00 "," 47,877,711,000.00 "," 54,007,720,000.00 "," 60,673,692,000.00 "," 63,578,725,000.00 "," 67,526,029,000.00 "," 69,595,217,000.00 "," 72,990,707,000.00 "," 74,989,089,000.00 "," 83,717,008,000.00 "," 89,292,702,000.00 "," 93,097,750,000.00 ",
Paraguay,PRY,Exports of goods and services (current LCU),NE.EXP.GNFS.CN," 42,739,900,000,000.00 "," 40,208,800,000,000.00 "," 52,145,200,000,000.00 "," 55,409,100,000,000.00 "," 54,310,100,000,000.00 "," 61,972,400,000,000.00 "," 62,568,700,000,000.00 "," 62,117,300,000,000.00 "," 72,339,000,000,000.00 "," 79,739,000,000,000.00 "," 83,159,300,000,000.00 "," 82,541,500,000,000.00 ",
West Bank and Gaza,PSE,Exports of goods and services (current LCU),NE.EXP.GNFS.CN," 1,165,000,000.00 "," 1,133,300,000.00 "," 1,367,300,000.00 "," 1,799,400,000.00 "," 1,871,100,000.00 "," 2,071,800,000.00 "," 2,172,300,000.00 "," 2,338,100,000.00 "," 2,381,000,000.00 "," 2,692,700,000.00 "," 2,903,500,000.00 ",,
Pacific island small states,PSS,Exports of goods and services (current LCU),NE.EXP.GNFS.CN,,,,,,,,,,,,,
Post-demographic dividend,PST,Exports of goods and services (current LCU),NE.EXP.GNFS.CN,,,,,,,,,,,,,
French Polynesia,PYF,Exports of goods and services (current LCU),NE.EXP.GNFS.CN,,,,,,,,,,,,,
Qatar,QAT,Exports of goods and services (current LCU),NE.EXP.GNFS.CN," 257,466,000,000.00 "," 182,033,000,000.00 "," 283,832,000,000.00 "," 443,490,000,000.00 "," 520,069,000,000.00 "," 526,018,000,000.00 "," 510,433,000,000.00 "," 335,940,000,000.00 "," 263,526,000,000.00 "," 310,144,000,000.00 "," 373,322,000,000.00 "," 334,936,000,000.00 ",
Romania,ROU,Exports of goods and services (current LCU),NE.EXP.GNFS.CN," 141,196,000,000.00 "," 138,158,000,000.00 "," 171,145,000,000.00 "," 207,097,000,000.00 "," 222,113,000,000.00 "," 253,378,000,000.00 "," 275,220,000,000.00 "," 292,289,000,000.00 "," 315,126,000,000.00 "," 355,770,000,000.00 "," 396,069,000,000.00 "," 427,644,000,000.00 ",
Russian Federation,RUS,Exports of goods and services (current LCU),NE.EXP.GNFS.CN," 12,923,600,000,000.00 "," 10,842,000,000,000.00 "," 13,529,300,000,000.00 "," 16,865,200,000,000.00 "," 18,324,800,000,000.00 "," 18,863,400,000,000.00 "," 21,425,900,000,000.00 "," 23,848,900,000,000.00 "," 22,135,600,000,000.00 "," 23,962,700,000,000.00 "," 31,929,600,000,000.00 "," 31,157,400,000,000.00 ",
Rwanda,RWA,Exports of goods and services (current LCU),NE.EXP.GNFS.CN," 333,523,000,000.00 "," 358,672,000,000.00 "," 405,299,000,000.00 "," 537,630,000,000.00 "," 576,152,000,000.00 "," 694,462,000,000.00 "," 795,814,000,000.00 "," 982,810,000,000.00 "," 1,070,020,000,000.00 "," 1,465,840,000,000.00 "," 1,583,730,000,000.00 "," 1,732,180,000,000.00 ",
South Asia,SAS,Exports of goods and services (current LCU),NE.EXP.GNFS.CN,,,,,,,,,,,,,
Saudi Arabia,SAU,Exports of goods and services (current LCU),NE.EXP.GNFS.CN," 1,210,700,000,000.00 "," 757,711,000,000.00 "," 981,867,000,000.00 "," 1,410,840,000,000.00 "," 1,497,820,000,000.00 "," 1,453,660,000,000.00 "," 1,329,530,000,000.00 "," 817,539,000,000.00 "," 753,225,000,000.00 "," 899,975,000,000.00 "," 1,176,910,000,000.00 "," 1,071,420,000,000.00 ",
Sudan,SDN,Exports of goods and services (current LCU),NE.EXP.GNFS.CN," 27,462,033,300.00 "," 19,533,875,300.00 "," 27,521,900,000.00 "," 26,089,300,000.00 "," 22,440,700,000.00 "," 30,305,700,000.00 "," 38,406,500,000.00 "," 47,697,200,000.00 "," 58,342,000,000.00 "," 79,707,000,000.00 "," 102,038,000,000.00 "," 144,364,000,000.00 ",
Senegal,SEN,Exports of goods and services (current LCU),NE.EXP.GNFS.CN," 1,566,250,000,000.00 "," 1,471,790,000,000.00 "," 1,592,640,000,000.00 "," 1,787,320,000,000.00 "," 2,025,440,000,000.00 "," 2,079,100,000,000.00 "," 2,128,840,000,000.00 "," 2,383,070,000,000.00 "," 2,432,800,000,000.00 "," 2,673,670,000,000.00 "," 2,970,370,000,000.00 "," 3,148,720,000,000.00 ",
Singapore,SGP,Exports of goods and services (current LCU),NE.EXP.GNFS.CN," 627,309,000,000.00 "," 538,936,000,000.00 "," 647,417,000,000.00 "," 714,428,000,000.00 "," 725,444,000,000.00 "," 750,797,000,000.00 "," 765,795,000,000.00 "," 755,359,000,000.00 "," 726,774,000,000.00 "," 805,864,000,000.00 "," 894,449,000,000.00 "," 880,718,000,000.00 ",
Solomon Islands,SLB,Exports of goods and services (current LCU),NE.EXP.GNFS.CN," 2,087,859,000.00 "," 1,892,295,000.00 "," 2,710,021,000.00 "," 4,141,488,000.00 "," 4,672,023,000.00 "," 4,366,655,800.00 "," 4,388,863,500.00 "," 4,119,249,600.00 ",,,,,
Sierra Leone,SLE,Exports of goods and services (current LCU),NE.EXP.GNFS.CN," 1,009,890,000,000.00 "," 1,121,570,000,000.00 "," 1,722,430,000,000.00 "," 2,081,750,000,000.00 "," 5,434,460,000,000.00 "," 6,102,480,000,000.00 "," 6,979,260,000,000.00 "," 4,146,340,000,000.00 "," 5,758,700,000,000.00 "," 7,193,990,000,000.00 "," 5,659,690,000,000.00 ",,
El Salvador,SLV,Exports of goods and services (current LCU),NE.EXP.GNFS.CN," 4,809,800,000.00 "," 4,215,800,000.00 "," 4,971,100,000.00 "," 5,878,600,000.00 "," 6,110,260,000.00 "," 6,536,780,000.00 "," 6,677,030,000.00 "," 6,911,040,000.00 "," 6,884,530,000.00 "," 7,251,410,000.00 "," 7,517,170,000.00 "," 7,982,940,000.00 ",
San Marino,SMR,Exports of goods and services (current LCU),NE.EXP.GNFS.CN,,,,,,,," 2,231,774,032.00 "," 2,295,804,694.00 "," 2,283,818,435.00 ",,,
Somalia,SOM,Exports of goods and services (current LCU),NE.EXP.GNFS.CN,,,,,,,,,,,,,
Serbia,SRB,Exports of goods and services (current LCU),NE.EXP.GNFS.CN," 827,253,000,000.00 "," 804,170,000,000.00 "," 1,048,490,000,000.00 "," 1,192,110,000,000.00 "," 1,365,710,000,000.00 "," 1,642,360,000,000.00 "," 1,750,660,000,000.00 "," 1,952,220,000,000.00 "," 2,198,030,000,000.00 "," 2,402,900,000,000.00 "," 2,573,600,000,000.00 "," 2,810,740,000,000.00 ",
Sub-Saharan Africa (excluding high income),SSA,Exports of goods and services (current LCU),NE.EXP.GNFS.CN,,,,,,,,,,,,,
South Sudan,SSD,Exports of goods and services (current LCU),NE.EXP.GNFS.CN," 20,141,047,400.00 "," 17,039,864,200.00 "," 20,676,584,100.00 "," 29,442,162,300.00 "," 15,075,958,500.00 "," 5,294,889,300.00 "," 15,812,942,000.00 "," 15,848,950,000.00 ",,,,,
Sub-Saharan Africa,SSF,Exports of goods and services (current LCU),NE.EXP.GNFS.CN,,,,,,,,,,,,,
Small states,SST,Exports of goods and services (current LCU),NE.EXP.GNFS.CN,,,,,,,,,,,,,
Sao Tome and Principe,STP,Exports of goods and services (current LCU),NE.EXP.GNFS.CN,,,,,,,,,,,,,
Suriname,SUR,Exports of goods and services (current LCU),NE.EXP.GNFS.CN," 5,519,000,000.00 "," 4,694,000,000.00 "," 6,302,000,000.00 ",,,,,,,,,,
Slovak Republic,SVK,Exports of goods and services (current LCU),NE.EXP.GNFS.CN," 54,973,938,000.00 "," 43,608,103,000.00 "," 52,647,420,000.00 "," 60,542,901,000.00 "," 66,896,642,000.00 "," 69,607,553,000.00 "," 69,788,075,000.00 "," 73,395,801,000.00 "," 75,955,132,000.00 "," 80,439,374,000.00 "," 86,214,847,000.00 "," 87,713,698,000.00 ",
Slovenia,SVN,Exports of goods and services (current LCU),NE.EXP.GNFS.CN," 25,149,764,300.00 "," 20,761,126,100.00 "," 23,372,838,200.00 "," 26,032,586,900.00 "," 26,425,586,100.00 "," 27,055,120,500.00 "," 28,659,169,200.00 "," 29,974,298,500.00 "," 31,474,414,100.00 "," 35,664,181,000.00 "," 38,785,379,900.00 "," 40,535,287,400.00 ",
Sweden,SWE,Exports of goods and services (current LCU),NE.EXP.GNFS.CN," 1,674,970,000,000.00 "," 1,451,870,000,000.00 "," 1,596,640,000,000.00 "," 1,687,670,000,000.00 "," 1,685,420,000,000.00 "," 1,625,660,000,000.00 "," 1,727,500,000,000.00 "," 1,864,670,000,000.00 "," 1,884,840,000,000.00 "," 2,022,770,000,000.00 "," 2,205,720,000,000.00 "," 2,360,300,000,000.00 ",
Eswatini,SWZ,Exports of goods and services (current LCU),NE.EXP.GNFS.CN," 14,409,664,100.00 "," 15,044,610,400.00 "," 15,102,400,400.00 "," 12,190,453,100.00 "," 14,720,666,000.00 "," 17,993,322,300.00 "," 21,050,625,000.00 "," 22,325,627,000.00 "," 24,731,287,100.00 "," 25,537,380,900.00 "," 25,261,851,600.00 ",,
Sint Maarten (Dutch part),SXM,Exports of goods and services (current LCU),NE.EXP.GNFS.CN,,,," 1,842,300,000.00 "," 1,999,300,000.00 "," 2,221,900,000.00 "," 2,240,800,000.00 "," 2,184,700,000.00 "," 2,092,300,000.00 "," 1,669,600,000.00 ",,,
Seychelles,SYC,Exports of goods and services (current LCU),NE.EXP.GNFS.CN," 9,274,379,800.00 "," 12,454,988,900.00 "," 10,979,147,300.00 "," 12,637,689,900.00 "," 14,422,000,000.00 "," 14,543,000,000.00 "," 15,067,000,000.00 "," 14,872,000,000.00 "," 15,341,000,000.00 "," 18,441,815,900.00 "," 18,556,371,722.00 "," 16,424,669,882.00 ",
Syrian Arab Republic,SYR,Exports of goods and services (current LCU),NE.EXP.GNFS.CN,,,,,,,,,,,,,
Turks and Caicos Islands,TCA,Exports of goods and services (current LCU),NE.EXP.GNFS.CN,,,,,,,,,,,,,
Chad,TCD,Exports of goods and services (current LCU),NE.EXP.GNFS.CN," 1,979,170,000,000.00 "," 1,535,320,000,000.00 "," 1,944,900,000,000.00 "," 2,230,070,000,000.00 "," 2,428,960,000,000.00 "," 2,147,440,000,000.00 "," 2,351,450,000,000.00 "," 1,942,310,000,000.00 "," 1,573,500,000,000.00 "," 1,966,930,000,000.00 "," 2,259,300,000,000.00 "," 2,435,850,000,000.00 ",
East Asia & Pacific (IDA & IBRD countries),TEA,Exports of goods and services (current LCU),NE.EXP.GNFS.CN,,,,,,,,,,,,,
Europe & Central Asia (IDA & IBRD countries),TEC,Exports of goods and services (current LCU),NE.EXP.GNFS.CN,,,,,,,,,,,,,
Togo,TGO,Exports of goods and services (current LCU),NE.EXP.GNFS.CN," 508,568,000,000.00 "," 565,007,000,000.00 "," 642,071,000,000.00 "," 796,303,000,000.00 "," 893,955,000,000.00 "," 992,014,000,000.00 "," 897,164,000,000.00 "," 886,042,000,000.00 "," 935,357,000,000.00 "," 926,800,000,000.00 "," 931,720,000,000.00 "," 948,187,000,000.00 ",
Thailand,THA,Exports of goods and services (current LCU),NE.EXP.GNFS.CN," 6,932,340,000,000.00 "," 6,223,910,000,000.00 "," 7,185,920,000,000.00 "," 8,011,500,000,000.00 "," 8,520,540,000,000.00 "," 8,675,260,000,000.00 "," 9,048,750,000,000.00 "," 9,295,640,000,000.00 "," 9,785,870,000,000.00 "," 10,326,700,000,000.00 "," 10,616,200,000,000.00 "," 10,083,700,000,000.00 ",
Tajikistan,TJK,Exports of goods and services (current LCU),NE.EXP.GNFS.CN," 6,023,000,000.00 "," 5,048,000,000.00 "," 3,691,000,000.00 "," 4,946,000,000.00 "," 6,248,000,000.00 "," 4,463,000,000.00 "," 4,126,000,000.00 "," 5,078,000,000.00 "," 7,047,000,000.00 "," 9,621,000,000.00 ",,,
Turkmenistan,TKM,Exports of goods and services (current LCU),NE.EXP.GNFS.CN," 28,383,000,000.00 "," 27,125,000,000.00 "," 29,545,000,000.00 "," 49,820,000,000.00 "," 58,961,000,000.00 "," 55,677,000,000.00 "," 58,028,000,000.00 "," 44,701,000,000.00 "," 28,041,000,000.00 "," 29,825,000,000.00 "," 32,336,500,000.00 ",,
Latin America & the Caribbean (IDA & IBRD countries),TLA,Exports of goods and services (current LCU),NE.EXP.GNFS.CN,,,,,,,,,,,,,
Timor-Leste,TLS,Exports of goods and services (current LCU),NE.EXP.GNFS.CN," 60,613,466.21 "," 66,632,579.06 "," 75,531,222.19 "," 66,781,171.51 "," 82,662,614.78 "," 77,944,391.89 "," 66,178,035.04 "," 48,508,505.45 "," 51,780,293.32 "," 38,179,978.61 "," 42,986,086.45 ",,
Middle East & North Africa (IDA & IBRD countries),TMN,Exports of goods and services (current LCU),NE.EXP.GNFS.CN,,,,,,,,,,,,,
Tonga,TON,Exports of goods and services (current LCU),NE.EXP.GNFS.CN," 104,466,000.00 "," 88,756,000.00 "," 88,467,000.00 "," 123,316,600.00 "," 136,198,400.00 "," 159,038,100.00 "," 135,284,700.00 "," 144,018,400.00 "," 240,500,000.00 "," 224,600,000.00 "," 220,300,000.00 ",,
South Asia (IDA & IBRD),TSA,Exports of goods and services (current LCU),NE.EXP.GNFS.CN,,,,,,,,,,,,,
Sub-Saharan Africa (IDA & IBRD countries),TSS,Exports of goods and services (current LCU),NE.EXP.GNFS.CN,,,,,,,,,,,,,
Trinidad and Tobago,TTO,Exports of goods and services (current LCU),NE.EXP.GNFS.CN,,,,,,,,,,,,,
Tunisia,TUN,Exports of goods and services (current LCU),NE.EXP.GNFS.CN," 30,761,100,000.00 "," 26,428,100,000.00 "," 31,210,000,000.00 "," 31,299,200,000.00 "," 34,154,400,000.00 "," 35,292,600,000.00 "," 36,328,200,000.00 "," 34,419,600,000.00 "," 36,491,400,000.00 "," 42,747,100,000.00 "," 51,625,200,000.00 "," 56,732,700,000.00 ",
Turkey,TUR,Exports of goods and services (current LCU),NE.EXP.GNFS.CN," 227,072,000,000.00 "," 225,554,000,000.00 "," 237,209,000,000.00 "," 310,444,000,000.00 "," 371,500,000,000.00 "," 403,064,000,000.00 "," 485,854,000,000.00 "," 545,979,000,000.00 "," 572,965,000,000.00 "," 770,626,000,000.00 "," 1,099,820,000,000.00 "," 1,353,210,000,000.00 ",
Tuvalu,TUV,Exports of goods and services (current LCU),NE.EXP.GNFS.CN,,,,,,,,,,,,,
Tanzania,TZA,Exports of goods and services (current LCU),NE.EXP.GNFS.CN," 6,511,040,000,000.00 "," 6,986,070,000,000.00 "," 8,760,620,000,000.00 "," 11,677,400,000,000.00 "," 13,942,000,000,000.00 "," 13,874,600,000,000.00 "," 14,925,800,000,000.00 "," 16,138,400,000,000.00 "," 17,717,200,000,000.00 "," 17,993,300,000,000.00 ",,,
Uganda,UGA,Exports of goods and services (current LCU),NE.EXP.GNFS.CN," 5,948,010,000,000.00 "," 9,026,680,000,000.00 "," 7,481,430,000,000.00 "," 8,325,310,000,000.00 "," 10,817,100,000,000.00 "," 12,372,300,000,000.00 "," 12,372,800,000,000.00 "," 11,793,300,000,000.00 "," 12,495,300,000,000.00 "," 18,080,300,000,000.00 "," 18,177,600,000,000.00 "," 24,885,300,000,000.00 ",
Ukraine,UKR,Exports of goods and services (current LCU),NE.EXP.GNFS.CN," 420,831,000,000.00 "," 400,687,000,000.00 "," 507,869,000,000.00 "," 647,608,000,000.00 "," 670,319,000,000.00 "," 629,401,000,000.00 "," 771,129,000,000.00 "," 1,045,930,000,000.00 "," 1,175,950,000,000.00 "," 1,432,690,000,000.00 "," 1,609,370,000,000.00 "," 1,636,420,000,000.00 ",
Upper middle income,UMC,Exports of goods and services (current LCU),NE.EXP.GNFS.CN,,,,,,,,,,,,,
Uruguay,URY,Exports of goods and services (current LCU),NE.EXP.GNFS.CN," 192,137,000,000.00 "," 193,630,000,000.00 "," 212,872,000,000.00 "," 244,763,000,000.00 "," 269,878,000,000.00 "," 275,177,000,000.00 "," 313,237,000,000.00 "," 327,243,000,000.00 "," 340,526,000,000.00 "," 365,818,000,000.00 "," 384,616,000,000.00 "," 429,246,000,000.00 ",
United States,USA,Exports of goods and services (current LCU),NE.EXP.GNFS.CN," 1,837,060,000,000.00 "," 1,582,000,000,000.00 "," 1,846,280,000,000.00 "," 2,103,000,000,000.00 "," 2,191,280,000,000.00 "," 2,273,430,000,000.00 "," 2,371,700,000,000.00 "," 2,266,800,000,000.00 "," 2,220,610,000,000.00 "," 2,356,730,000,000.00 "," 2,510,250,000,000.00 "," 2,504,290,000,000.00 ",
Uzbekistan,UZB,Exports of goods and services (current LCU),NE.EXP.GNFS.CN," 16,043,300,000,000.00 "," 17,114,900,000,000.00 "," 20,668,100,000,000.00 "," 25,716,700,000,000.00 "," 25,717,300,000,000.00 "," 30,099,500,000,000.00 "," 31,414,300,000,000.00 "," 32,225,400,000,000.00 "," 36,076,800,000,000.00 "," 65,956,400,000,000.00 "," 114,033,000,000,000.00 "," 159,685,000,000,000.00 ",
St. Vincent and the Grenadines,VCT,Exports of goods and services (current LCU),NE.EXP.GNFS.CN," 567,454,500.00 "," 519,230,800.00 "," 494,640,000.00 "," 493,560,000.00 "," 508,410,000.00 ",,,,,,,,
"Venezuela, RB",VEN,Exports of goods and services (current LCU),NE.EXP.GNFS.CN," 208,846,000,000.00 "," 127,813,000,000.00 "," 290,107,000,000.00 "," 406,473,000,000.00 "," 428,014,000,000.00 "," 556,183,000,000.00 "," 506,030,000,000.00 ",,,,,,
British Virgin Islands,VGB,Exports of goods and services (current LCU),NE.EXP.GNFS.CN,,,,,,,,,,,,,
Virgin Islands (U.S.),VIR,Exports of goods and services (current LCU),NE.EXP.GNFS.CN," 18,412,000,000.00 "," 10,717,000,000.00 "," 12,945,000,000.00 "," 14,371,000,000.00 "," 3,278,000,000.00 "," 2,525,000,000.00 "," 2,795,000,000.00 "," 2,795,000,000.00 "," 2,795,000,000.00 "," 2,795,000,000.00 ",,,
Vietnam,VNM,Exports of goods and services (current LCU),NE.EXP.GNFS.CN," 1,136,670,000,000,000.00 "," 1,132,690,000,000,000.00 "," 1,553,690,000,000,000.00 "," 2,206,970,000,000,000.00 "," 2,597,260,000,000,000.00 "," 2,997,380,000,000,000.00 "," 3,402,500,000,000,000.00 "," 3,764,320,000,000,000.00 "," 4,215,640,000,000,000.00 "," 5,085,740,000,000,000.00 "," 5,865,550,000,000,000.00 "," 6,447,620,000,000,000.00 ",
Vanuatu,VUT,Exports of goods and services (current LCU),NE.EXP.GNFS.CN," 27,823,000,000.00 "," 31,980,000,000.00 "," 31,665,000,000.00 "," 31,425,000,000.00 "," 35,547,000,000.00 "," 36,252,000,000.00 "," 38,412,000,000.00 ",,,,,,
World,WLD,Exports of goods and services (current LCU),NE.EXP.GNFS.CN,,,,,,,,,,,,,
Samoa,WSM,Exports of goods and services (current LCU),NE.EXP.GNFS.CN," 472,504,100.00 "," 480,133,100.00 "," 478,462,400.00 "," 504,402,300.00 "," 496,902,300.00 "," 508,099,100.00 "," 510,570,300.00 "," 542,234,400.00 "," 634,779,500.00 "," 665,506,274.50 "," 720,650,217.40 "," 845,990,347.20 ",
Kosovo,XKX,Exports of goods and services (current LCU),NE.EXP.GNFS.CN," 608,900,000.00 "," 694,900,000.00 "," 878,000,000.00 "," 1,137,700,000.00 "," 1,176,500,000.00 "," 1,168,100,000.00 "," 1,252,800,000.00 "," 1,273,900,000.00 "," 1,438,500,000.00 "," 1,709,300,000.00 "," 1,777,800,000.00 "," 1,965,800,000.00 ",
"Yemen, Rep.",YEM,Exports of goods and services (current LCU),NE.EXP.GNFS.CN,,,,,,,,,,,,,
South Africa,ZAF,Exports of goods and services (current LCU),NE.EXP.GNFS.CN," 843,918,000,000.00 "," 699,940,000,000.00 "," 786,349,000,000.00 "," 921,035,000,000.00 "," 967,171,000,000.00 "," 1,096,380,000,000.00 "," 1,197,490,000,000.00 "," 1,221,160,000,000.00 "," 1,333,040,000,000.00 "," 1,378,750,000,000.00 "," 1,457,640,000,000.00 "," 1,515,870,000,000.00 ",
Zambia,ZMB,Exports of goods and services (current LCU),NE.EXP.GNFS.CN," 19,401,623,400.00 "," 22,625,163,500.00 "," 35,995,100,000.00 "," 46,149,200,000.00 "," 52,617,600,000.00 "," 61,262,900,000.00 "," 64,853,800,000.00 "," 68,107,200,000.00 "," 76,335,917,800.00 "," 86,170,612,100.00 "," 104,449,000,000.00 "," 104,115,000,000.00 ",
Zimbabwe,ZWE,Exports of goods and services (current LCU),NE.EXP.GNFS.CN," 1,831,052,800.00 "," 1,882,654,700.00 "," 3,569,254,400.00 "," 4,907,581,300.00 "," 4,306,653,100.00 "," 4,197,687,400.00 "," 4,080,440,700.00 "," 3,824,969,000.00 "," 4,098,132,100.00 "," 4,332,805,600.00 "," 4,619,344,600.00 ",,
