Country Name,Country Code,Indicator Name,Indicator Code,2008,2009,2010,2011,2012,2013,2014,2015,2016,2017,2018,2019,2020
Aruba,ABW,"New business density (new registrations per 1,000 people ages 15-64)",IC.BUS.NDNS.ZS,,,,,,,,,,,,,
Afghanistan,AFG,"New business density (new registrations per 1,000 people ages 15-64)",IC.BUS.NDNS.ZS,0.046360561,0.260193877,0.329456696,0.248972448,0.225927954,0.193162028,0.142361845,0.124470105,0.130028499,0.15486227,0.211648481,,
Angola,AGO,"New business density (new registrations per 1,000 people ages 15-64)",IC.BUS.NDNS.ZS,,,,,,,,,,,,,
Albania,ALB,"New business density (new registrations per 1,000 people ages 15-64)",IC.BUS.NDNS.ZS,1.537033296,1.048123475,1.071430221,0.942691591,0.956089826,1.067968032,1.119634371,1.321760184,1.356638413,1.513372433,1.52098682,,
Andorra,AND,"New business density (new registrations per 1,000 people ages 15-64)",IC.BUS.NDNS.ZS,,,,,,,,,,,,,
Arab World,ARB,"New business density (new registrations per 1,000 people ages 15-64)",IC.BUS.NDNS.ZS,,,,,,,,,,,,,
United Arab Emirates,ARE,"New business density (new registrations per 1,000 people ages 15-64)",IC.BUS.NDNS.ZS,1.577958361,1.234449745,1.396591166,1.921121884,2.104230245,2.381761898,2.77975471,2.562542152,2.599986897,2.762269254,3.04384049,,
Argentina,ARG,"New business density (new registrations per 1,000 people ages 15-64)",IC.BUS.NDNS.ZS,0.237290147,0.189666827,0.207609304,0.221108183,0.184657613,0.200203136,0.17202951,0.179440388,0.21074882,0.219978653,0.198629934,,
Armenia,ARM,"New business density (new registrations per 1,000 people ages 15-64)",IC.BUS.NDNS.ZS,1.676533346,1.288448943,1.262840166,1.316831703,1.587285001,1.578588385,1.569801926,1.729313221,1.73854898,2.204206895,3.052419852,,
American Samoa,ASM,"New business density (new registrations per 1,000 people ages 15-64)",IC.BUS.NDNS.ZS,,,,,,,,,,,,,
Antigua and Barbuda,ATG,"New business density (new registrations per 1,000 people ages 15-64)",IC.BUS.NDNS.ZS,3.189460912,2.172142275,3.226611227,2.732016948,1.93143409,2.757265553,3.046732184,3.209282232,3.346423605,3.89228812,3.30568578,,
Australia,AUS,"New business density (new registrations per 1,000 people ages 15-64)",IC.BUS.NDNS.ZS,9.953447488,10.03181189,10.78568021,11.17973642,12.13135507,14.63587716,14.84439247,15.35784442,15.46865982,15.5656017,14.47216788,,
Austria,AUT,"New business density (new registrations per 1,000 people ages 15-64)",IC.BUS.NDNS.ZS,0.650940318,0.580828371,0.61587101,0.567863085,0.538536628,0.607578037,0.73777056,0.626679963,0.606848944,0.625906578,0.649040665,,
Azerbaijan,AZE,"New business density (new registrations per 1,000 people ages 15-64)",IC.BUS.NDNS.ZS,1.004647044,0.739618536,0.548762959,0.635722777,0.699257791,1.06258432,0.997105273,0.756028961,1.041598281,1.586733769,1.658025495,,
Burundi,BDI,"New business density (new registrations per 1,000 people ages 15-64)",IC.BUS.NDNS.ZS,,,,,,,,,,,,,
Belgium,BEL,"New business density (new registrations per 1,000 people ages 15-64)",IC.BUS.NDNS.ZS,3.134547446,2.739935778,3.160808927,3.31670656,2.996594829,2.563558932,3.233145994,2.930639392,3.721695114,3.297983426,3.367529926,,
Benin,BEN,"New business density (new registrations per 1,000 people ages 15-64)",IC.BUS.NDNS.ZS,,,,0.261165107,0.310705817,0.312030256,0.458909028,0.629772121,0.638240504,0.583682211,0.535740085,,
Burkina Faso,BFA,"New business density (new registrations per 1,000 people ages 15-64)",IC.BUS.NDNS.ZS,,,,,,,,,,0.292270664,0.328518935,,
Bangladesh,BGD,"New business density (new registrations per 1,000 people ages 15-64)",IC.BUS.NDNS.ZS,,,,,,,,0.073693243,0.077587733,0.07171324,0.041291521,,
Bulgaria,BGR,"New business density (new registrations per 1,000 people ages 15-64)",IC.BUS.NDNS.ZS,7.98819285,6.950952736,6.578678253,7.989620445,9.047301298,8.990380664,8.997071537,9.862876378,10.91178894,10.8260566,10.10155286,,
Bahrain,BHR,"New business density (new registrations per 1,000 people ages 15-64)",IC.BUS.NDNS.ZS,1.869940006,1.2371469,1.415346594,1.218469453,1.337885723,1.410910781,1.398199151,1.486803316,3.839611355,3.594098348,3.110216202,,
"Bahamas, The",BHS,"New business density (new registrations per 1,000 people ages 15-64)",IC.BUS.NDNS.ZS,,,,,,,,,,,,,
Bosnia and Herzegovina,BIH,"New business density (new registrations per 1,000 people ages 15-64)",IC.BUS.NDNS.ZS,,,,,,,,,1.187141411,1.045198723,1.090718654,,
Belarus,BLR,"New business density (new registrations per 1,000 people ages 15-64)",IC.BUS.NDNS.ZS,0.766756705,0.846361283,0.947773517,0.901720497,1.147089317,1.350030651,1.060488006,0.925295203,0.97931955,1.204396376,1.343117611,,
Belize,BLZ,"New business density (new registrations per 1,000 people ages 15-64)",IC.BUS.NDNS.ZS,4.404317441,3.098146957,3.105829601,4.964676328,4.14310267,3.722603313,3.435157463,3.303916691,3.882877148,3.714434292,3.386439779,,
Bermuda,BMU,"New business density (new registrations per 1,000 people ages 15-64)",IC.BUS.NDNS.ZS,,,,,,,,,,,,,
Bolivia,BOL,"New business density (new registrations per 1,000 people ages 15-64)",IC.BUS.NDNS.ZS,,,,,,,,,,,0.512640812,,
Brazil,BRA,"New business density (new registrations per 1,000 people ages 15-64)",IC.BUS.NDNS.ZS,,,2.816125496,2.770722785,2.15282511,1.859747872,1.615988604,1.39383206,1.225237895,1.250000354,1.294239855,,
Barbados,BRB,"New business density (new registrations per 1,000 people ages 15-64)",IC.BUS.NDNS.ZS,,,,,,,,,,,,,
Brunei Darussalam,BRN,"New business density (new registrations per 1,000 people ages 15-64)",IC.BUS.NDNS.ZS,,,,1.315667165,1.687170475,1.643132398,1.556603131,1.922444625,2.520871824,2.613394465,2.363531135,,
Bhutan,BTN,"New business density (new registrations per 1,000 people ages 15-64)",IC.BUS.NDNS.ZS,0.050094583,0.030394781,0.041230124,0.051535535,0.179659086,0.049277654,0.060803402,0.090388238,0.100674317,0.142317804,0.091317103,,
Botswana,BWA,"New business density (new registrations per 1,000 people ages 15-64)",IC.BUS.NDNS.ZS,7.029153296,9.125399959,9.543869263,9.944014651,12.89520517,11.9043394,14.53400347,18.10418433,20.09042313,,,,
Central African Republic,CAF,"New business density (new registrations per 1,000 people ages 15-64)",IC.BUS.NDNS.ZS,0.014175475,0.032732067,0.038338042,0.041329466,0.058184188,0.02717634,0.026702431,0.04154462,0.066266115,0.063382015,0.08631953,,
Canada,CAN,"New business density (new registrations per 1,000 people ages 15-64)",IC.BUS.NDNS.ZS,,,,,,,,,,0.158945642,0.163967238,,
Central Europe and the Baltics,CEB,"New business density (new registrations per 1,000 people ages 15-64)",IC.BUS.NDNS.ZS,3.795015406,3.009711723,3.121833718,3.698634468,3.597192976,3.69078343,3.466460896,3.705526211,4.126845415,4.567681211,4.506526189,,
Switzerland,CHE,"New business density (new registrations per 1,000 people ages 15-64)",IC.BUS.NDNS.ZS,4.170601453,3.94476495,4.157657845,4.42067077,4.354128934,4.497462785,4.544163436,4.355305554,4.305984489,4.575053135,4.529032393,,
Channel Islands,CHI,"New business density (new registrations per 1,000 people ages 15-64)",IC.BUS.NDNS.ZS,,,,,,,,,,,,,
Chile,CHL,"New business density (new registrations per 1,000 people ages 15-64)",IC.BUS.NDNS.ZS,3.229694958,3.369647564,3.791689521,4.932935739,5.715279711,7.057056672,8.045827532,8.319990687,8.768030999,9.344895468,10.31392033,,
China,CHN,"New business density (new registrations per 1,000 people ages 15-64)",IC.BUS.NDNS.ZS,,,,,,,,,,,,,
Cote d'Ivoire,CIV,"New business density (new registrations per 1,000 people ages 15-64)",IC.BUS.NDNS.ZS,,,,,,0.112210942,0.297473006,0.453727122,0.60370029,0.598489823,0.739419324,,
Cameroon,CMR,"New business density (new registrations per 1,000 people ages 15-64)",IC.BUS.NDNS.ZS,,,,,,,,,,,,,
"Congo, Dem. Rep.",COD,"New business density (new registrations per 1,000 people ages 15-64)",IC.BUS.NDNS.ZS,,,,,,,,0.044057224,0.039229249,0.035476681,0.049203572,,
"Congo, Rep.",COG,"New business density (new registrations per 1,000 people ages 15-64)",IC.BUS.NDNS.ZS,,,,,,,,,,,,,
Colombia,COL,"New business density (new registrations per 1,000 people ages 15-64)",IC.BUS.NDNS.ZS,,,,1.731937947,1.836430276,1.901024571,2.134459673,1.849076153,2.052421973,1.969013404,2.018387965,,
Comoros,COM,"New business density (new registrations per 1,000 people ages 15-64)",IC.BUS.NDNS.ZS,,,,,,,,,,,0.163109281,,
Cabo Verde,CPV,"New business density (new registrations per 1,000 people ages 15-64)",IC.BUS.NDNS.ZS,,2.558204167,2.906673958,3.582844164,2.831705206,2.945374492,2.986932172,3.73295965,5.457209027,3.191346035,3.986538531,,
Costa Rica,CRI,"New business density (new registrations per 1,000 people ages 15-64)",IC.BUS.NDNS.ZS,2.370341524,1.368584071,1.630406311,1.38841794,0.906616347,0.910947541,1.129265603,1.427339729,2.073426071,2.159178128,2.599624293,,
Caribbean small states,CSS,"New business density (new registrations per 1,000 people ages 15-64)",IC.BUS.NDNS.ZS,,,,,,,,,,,,,
Cuba,CUB,"New business density (new registrations per 1,000 people ages 15-64)",IC.BUS.NDNS.ZS,,,,,,,,,,,,,
Curacao,CUW,"New business density (new registrations per 1,000 people ages 15-64)",IC.BUS.NDNS.ZS,,,,,,,,,,,,,
Cayman Islands,CYM,"New business density (new registrations per 1,000 people ages 15-64)",IC.BUS.NDNS.ZS,,,,,,,,,,,,,
Cyprus,CYP,"New business density (new registrations per 1,000 people ages 15-64)",IC.BUS.NDNS.ZS,32.20886168,20.8013312,24.49160047,24.56222838,22.44074069,13.43829251,13.76311279,13.8139662,16.65708381,16.6224479,17.57623204,,
Czech Republic,CZE,"New business density (new registrations per 1,000 people ages 15-64)",IC.BUS.NDNS.ZS,3.071554754,2.941010775,3.048840094,2.893544143,2.971980087,3.093095538,3.423743236,3.69531014,3.981551853,4.487294749,4.392761154,,
Germany,DEU,"New business density (new registrations per 1,000 people ages 15-64)",IC.BUS.NDNS.ZS,1.211890262,1.370132452,1.37295154,1.348063092,1.311155741,1.292693394,1.268190286,1.295507395,1.313211097,1.332757051,1.353114368,,
Djibouti,DJI,"New business density (new registrations per 1,000 people ages 15-64)",IC.BUS.NDNS.ZS,,,,,,,,,,,,,
Dominica,DMA,"New business density (new registrations per 1,000 people ages 15-64)",IC.BUS.NDNS.ZS,4.38680145,3.386783183,4.202119875,3.721280288,3.732476889,2.864459008,4.168646594,3.39929586,12.30999353,6.829032453,7.736742227,,
Denmark,DNK,"New business density (new registrations per 1,000 people ages 15-64)",IC.BUS.NDNS.ZS,7.267664987,4.855435057,5.186895301,5.065527304,4.741587867,4.678123002,7.135769762,8.310903883,9.180590357,9.872934966,10.00963016,,
Dominican Republic,DOM,"New business density (new registrations per 1,000 people ages 15-64)",IC.BUS.NDNS.ZS,,,,0.519947166,1.134201364,1.258236334,1.229135842,1.258512672,1.390124076,1.407224987,1.478564795,,
Algeria,DZA,"New business density (new registrations per 1,000 people ages 15-64)",IC.BUS.NDNS.ZS,0.199481657,0.192454504,0.170339018,0.191739008,0.309461389,0.303755524,0.327979309,0.311346013,0.336151337,0.372107359,0.353296619,,
East Asia & Pacific (excluding high income),EAP,"New business density (new registrations per 1,000 people ages 15-64)",IC.BUS.NDNS.ZS,,,,,,,,,,,,,
Early-demographic dividend,EAR,"New business density (new registrations per 1,000 people ages 15-64)",IC.BUS.NDNS.ZS,0.447260732,0.405014067,0.385048061,0.394061439,0.421693695,0.46734575,0.456036803,0.493622669,0.522901035,0.361762348,0.387621188,,
East Asia & Pacific,EAS,"New business density (new registrations per 1,000 people ages 15-64)",IC.BUS.NDNS.ZS,,,,,,,,,,,,,
Europe & Central Asia (excluding high income),ECA,"New business density (new registrations per 1,000 people ages 15-64)",IC.BUS.NDNS.ZS,2.773929581,1.830059519,1.864006958,1.500937057,2.681578981,2.447106848,2.517485839,2.688060482,2.715568592,2.714036676,2.595219538,,
Europe & Central Asia,ECS,"New business density (new registrations per 1,000 people ages 15-64)",IC.BUS.NDNS.ZS,3.411115295,2.829119529,2.994587201,3.052547882,3.512684287,3.458302797,3.613223954,3.795734271,4.011878011,4.059795435,4.174896793,,
Ecuador,ECU,"New business density (new registrations per 1,000 people ages 15-64)",IC.BUS.NDNS.ZS,,,,,,,,,,,,,
"Egypt, Arab Rep.",EGY,"New business density (new registrations per 1,000 people ages 15-64)",IC.BUS.NDNS.ZS,,,,,,,,,,,,,
Euro area,EMU,"New business density (new registrations per 1,000 people ages 15-64)",IC.BUS.NDNS.ZS,2.865157928,2.609755819,2.762789123,2.849634838,2.780342292,2.923468362,2.960155909,3.027562302,3.235474957,3.343592596,3.457531498,,
Eritrea,ERI,"New business density (new registrations per 1,000 people ages 15-64)",IC.BUS.NDNS.ZS,,,,,,,,,,,,,
Spain,ESP,"New business density (new registrations per 1,000 people ages 15-64)",IC.BUS.NDNS.ZS,3.247347712,2.443301286,2.495080374,2.657773412,2.747469361,2.969289775,3.010503723,3.045320159,3.258406462,3.046901374,3.072259128,,
Estonia,EST,"New business density (new registrations per 1,000 people ages 15-64)",IC.BUS.NDNS.ZS,10.65674493,9.069085976,10.27377399,14.79260966,15.37840496,16.36481049,16.09279439,17.5366013,19.43293632,21.73797852,23.59313375,,
Ethiopia,ETH,"New business density (new registrations per 1,000 people ages 15-64)",IC.BUS.NDNS.ZS,,,,,,,,,0.188319433,0.593760562,0.512657622,,
European Union,EUU,"New business density (new registrations per 1,000 people ages 15-64)",IC.BUS.NDNS.ZS,3.125059012,2.710752221,2.863628971,3.062197615,2.945001657,3.075749014,3.124979397,3.275487546,3.537235825,3.714716498,3.770975797,,
Fragile and conflict affected situations,FCS,"New business density (new registrations per 1,000 people ages 15-64)",IC.BUS.NDNS.ZS,,,,,,,,,,,,,
Finland,FIN,"New business density (new registrations per 1,000 people ages 15-64)",IC.BUS.NDNS.ZS,3.980064371,3.450236102,3.487372312,3.59554518,3.542985973,3.543710462,3.427637039,3.63635421,3.93322262,4.024427882,4.287480528,,
Fiji,FJI,"New business density (new registrations per 1,000 people ages 15-64)",IC.BUS.NDNS.ZS,,,,,,,,,,,,,
France,FRA,"New business density (new registrations per 1,000 people ages 15-64)",IC.BUS.NDNS.ZS,3.869234471,3.628698699,3.891483608,3.961736095,3.796333234,3.787182354,3.957894737,4.114616413,4.521287554,4.756698223,4.84103013,,
Faroe Islands,FRO,"New business density (new registrations per 1,000 people ages 15-64)",IC.BUS.NDNS.ZS,,,,,,,,,,,,,
"Micronesia, Fed. Sts.",FSM,"New business density (new registrations per 1,000 people ages 15-64)",IC.BUS.NDNS.ZS,,,,,,,,,,,0.345194206,,
Gabon,GAB,"New business density (new registrations per 1,000 people ages 15-64)",IC.BUS.NDNS.ZS,1.221821806,1.107394188,1.314075667,1.261060743,1.213169739,1.312503233,1.437207346,1.320334086,0.978498841,0.968715842,0.878428931,,
United Kingdom,GBR,"New business density (new registrations per 1,000 people ages 15-64)",IC.BUS.NDNS.ZS,8.867478575,8.852135705,9.686320304,10.93103153,11.83860713,12.5265519,14.00104096,14.56297257,15.74549142,14.94377347,15.64505299,,
Georgia,GEO,"New business density (new registrations per 1,000 people ages 15-64)",IC.BUS.NDNS.ZS,3.339735682,2.994393698,4.388253952,5.53973386,5.956107004,7.095402668,7.061841035,7.42012487,8.626362257,10.42060754,10.35397373,,
Ghana,GHA,"New business density (new registrations per 1,000 people ages 15-64)",IC.BUS.NDNS.ZS,1.073474653,1.101266816,0.95946424,1.061982696,0.869158536,,,,,,,,
Gibraltar,GIB,"New business density (new registrations per 1,000 people ages 15-64)",IC.BUS.NDNS.ZS,,,,,,,,,,,,,
Guinea,GIN,"New business density (new registrations per 1,000 people ages 15-64)",IC.BUS.NDNS.ZS,,,,,,,0.137432967,0.244349851,0.300877188,0.367880605,0.39804025,,
"Gambia, The",GMB,"New business density (new registrations per 1,000 people ages 15-64)",IC.BUS.NDNS.ZS,,,,,,,,,,,,,
Guinea-Bissau,GNB,"New business density (new registrations per 1,000 people ages 15-64)",IC.BUS.NDNS.ZS,,,,,,,,,,,,,
Equatorial Guinea,GNQ,"New business density (new registrations per 1,000 people ages 15-64)",IC.BUS.NDNS.ZS,,,,,,,,,,,,,
Greece,GRC,"New business density (new registrations per 1,000 people ages 15-64)",IC.BUS.NDNS.ZS,,,,,0.481277515,0.685232401,0.716933969,0.678740506,0.824931427,1.11268884,1.420295093,,
Grenada,GRD,"New business density (new registrations per 1,000 people ages 15-64)",IC.BUS.NDNS.ZS,2.391053959,1.410741791,1.60591203,1.465593777,1.087668902,1.765760795,1.88674086,2.227595012,2.349605023,2.596843422,2.524506513,,
Greenland,GRL,"New business density (new registrations per 1,000 people ages 15-64)",IC.BUS.NDNS.ZS,,,,,,,,,,,,,
Guatemala,GTM,"New business density (new registrations per 1,000 people ages 15-64)",IC.BUS.NDNS.ZS,0.710771897,0.640420212,0.612498239,0.597165506,0.475549295,0.504425968,0.492060377,0.504705881,0.479510393,0.5521148,0.52774835,,
Guam,GUM,"New business density (new registrations per 1,000 people ages 15-64)",IC.BUS.NDNS.ZS,,,,,,,,,,,,,
Guyana,GUY,"New business density (new registrations per 1,000 people ages 15-64)",IC.BUS.NDNS.ZS,,,,,,,,,,,,,
High income,HIC,"New business density (new registrations per 1,000 people ages 15-64)",IC.BUS.NDNS.ZS,3.256345012,3.051473429,3.315509575,3.582836128,3.662985579,3.996256224,4.201718297,4.309782188,4.574343448,4.60678026,4.696986942,,
"Hong Kong SAR, China",HKG,"New business density (new registrations per 1,000 people ages 15-64)",IC.BUS.NDNS.ZS,18.97643629,20.92296302,26.44183119,27.92431148,28.00297475,32.4374609,31.1483264,25.92464647,27.03337101,30.0157676,28.59275389,,
Honduras,HND,"New business density (new registrations per 1,000 people ages 15-64)",IC.BUS.NDNS.ZS,,,,,,,,,,,,,
Heavily indebted poor countries (HIPC),HPC,"New business density (new registrations per 1,000 people ages 15-64)",IC.BUS.NDNS.ZS,,,,,,,,,0.326946409,0.39917216,0.403593737,,
Croatia,HRV,"New business density (new registrations per 1,000 people ages 15-64)",IC.BUS.NDNS.ZS,3.51113253,2.704010603,2.480703228,2.49148672,2.798189924,5.013071586,4.606336591,4.511848723,4.904287928,5.518644569,5.859346362,,
Haiti,HTI,"New business density (new registrations per 1,000 people ages 15-64)",IC.BUS.NDNS.ZS,0.035235926,0.052166414,0.06496757,,,,,,,,,,
Hungary,HUN,"New business density (new registrations per 1,000 people ages 15-64)",IC.BUS.NDNS.ZS,6.304763395,6.082413037,6.41135004,7.59682655,4.733208251,4.152851189,3.626238089,3.140842336,3.364224289,3.471526489,3.737153535,,
IBRD only,IBD,"New business density (new registrations per 1,000 people ages 15-64)",IC.BUS.NDNS.ZS,,,,,,,,,,,,,
IDA & IBRD total,IBT,"New business density (new registrations per 1,000 people ages 15-64)",IC.BUS.NDNS.ZS,,,,,,,,,0.892880874,,,,
IDA total,IDA,"New business density (new registrations per 1,000 people ages 15-64)",IC.BUS.NDNS.ZS,,,,,,,,0.345606349,0.353811173,0.426242509,0.480360005,,
IDA blend,IDB,"New business density (new registrations per 1,000 people ages 15-64)",IC.BUS.NDNS.ZS,0.554671111,0.388965844,0.408314047,0.454307913,0.474781228,0.459120615,0.444185252,0.426572996,0.462640051,0.57239285,0.677589917,,
Indonesia,IDN,"New business density (new registrations per 1,000 people ages 15-64)",IC.BUS.NDNS.ZS,0.252880738,0.187633864,0.237988553,0.269635236,0.28832236,0.304232526,0.339109521,0.32890096,0.33219834,,,,
IDA only,IDX,"New business density (new registrations per 1,000 people ages 15-64)",IC.BUS.NDNS.ZS,,,,,,,,,0.293974906,0.337166467,0.36057675,,
Isle of Man,IMN,"New business density (new registrations per 1,000 people ages 15-64)",IC.BUS.NDNS.ZS,,,,,,,,,,,,,
India,IND,"New business density (new registrations per 1,000 people ages 15-64)",IC.BUS.NDNS.ZS,0.092341661,0.078346809,0.109500411,0.120916849,0.125659348,0.109960196,0.082179006,0.093227877,0.106758992,0.121333396,0.137240839,,
Not classified,INX,"New business density (new registrations per 1,000 people ages 15-64)",IC.BUS.NDNS.ZS,,,,,,,,,,,,,
Ireland,IRL,"New business density (new registrations per 1,000 people ages 15-64)",IC.BUS.NDNS.ZS,4.727510384,4.245318558,4.434730243,4.625374387,4.468363957,4.9884013,5.735752597,6.252113795,6.703097057,7.140207923,7.129563049,,
"Iran, Islamic Rep.",IRN,"New business density (new registrations per 1,000 people ages 15-64)",IC.BUS.NDNS.ZS,,,,,,,,,,,0.417652661,,
Iraq,IRQ,"New business density (new registrations per 1,000 people ages 15-64)",IC.BUS.NDNS.ZS,0.340992072,0.296714113,0.155251882,0.115476871,0.137158729,0.162342718,0.099702202,0.08791992,0.095545114,,,,
Iceland,ISL,"New business density (new registrations per 1,000 people ages 15-64)",IC.BUS.NDNS.ZS,11.84642063,12.42480279,7.552113796,8.043497588,8.409718104,9.034061103,9.703501558,10.87753381,12.26674159,11.32680336,9.877130743,,
Israel,ISR,"New business density (new registrations per 1,000 people ages 15-64)",IC.BUS.NDNS.ZS,3.2033253,3.097645002,3.427553139,3.28573824,2.914870278,2.865344545,3.064715437,3.249460921,3.402994573,3.274471601,3.269547562,,
Italy,ITA,"New business density (new registrations per 1,000 people ages 15-64)",IC.BUS.NDNS.ZS,2.266224229,2.140341139,2.251607672,2.064829793,1.954028891,2.139868106,2.334878412,2.558967615,2.625653328,2.857572327,2.960608452,,
Jamaica,JAM,"New business density (new registrations per 1,000 people ages 15-64)",IC.BUS.NDNS.ZS,1.208088597,1.14661256,1.110078579,1.02871453,1.041652727,1.029842161,0.927608396,1.151610833,1.304647499,1.390476685,1.59573259,,
Jordan,JOR,"New business density (new registrations per 1,000 people ages 15-64)",IC.BUS.NDNS.ZS,0.601422266,0.674751014,0.72630268,0.671716958,0.807005509,0.813174452,0.767016743,0.619544738,0.594505118,0.655882416,0.533619401,,
Japan,JPN,"New business density (new registrations per 1,000 people ages 15-64)",IC.BUS.NDNS.ZS,0.065854403,0.070988267,0.088480978,0.113839487,0.137453528,0.185780791,0.254867387,0.28869715,0.311674105,0.360282533,0.38695672,,
Kazakhstan,KAZ,"New business density (new registrations per 1,000 people ages 15-64)",IC.BUS.NDNS.ZS,1.291548279,0.291473011,0.06265522,1.248985633,1.342390665,1.696906861,1.297329457,0.915063564,1.844090256,2.390392269,2.001375647,,
Kenya,KEN,"New business density (new registrations per 1,000 people ages 15-64)",IC.BUS.NDNS.ZS,,,,,,,,,,1.294162205,1.487918591,,
Kyrgyz Republic,KGZ,"New business density (new registrations per 1,000 people ages 15-64)",IC.BUS.NDNS.ZS,1.075100742,0.897766263,0.813107119,0.950166494,0.922888173,1.086087874,1.088288897,1.177059403,1.274128354,,,,
Cambodia,KHM,"New business density (new registrations per 1,000 people ages 15-64)",IC.BUS.NDNS.ZS,0.319958657,0.227687609,0.285520429,0.337311633,0.359847752,0.310701352,0.392775301,0.442719672,0.417697893,0.527546021,0.671346708,,
Kiribati,KIR,"New business density (new registrations per 1,000 people ages 15-64)",IC.BUS.NDNS.ZS,0.033681374,0.049476375,0.064414313,0.047533035,0.077587946,0.030350856,0.029772981,0.04401473,0.057901365,0.057413521,0.028532299,,
St. Kitts and Nevis,KNA,"New business density (new registrations per 1,000 people ages 15-64)",IC.BUS.NDNS.ZS,,,,,,,,,,,,,
"Korea, Rep.",KOR,"New business density (new registrations per 1,000 people ages 15-64)",IC.BUS.NDNS.ZS,1.413372443,1.564067378,1.662580922,1.779205976,2.014003027,2.041600908,2.273441393,2.505556993,2.56457957,,,,
Kuwait,KWT,"New business density (new registrations per 1,000 people ages 15-64)",IC.BUS.NDNS.ZS,,,,,,,,,,3.20978882,5.901629531,,
Latin America & Caribbean (excluding high income),LAC,"New business density (new registrations per 1,000 people ages 15-64)",IC.BUS.NDNS.ZS,,,1.829708009,1.83278947,1.537063009,1.446845174,1.359654376,1.256761895,1.196560411,1.316930052,1.315230238,,
Lao PDR,LAO,"New business density (new registrations per 1,000 people ages 15-64)",IC.BUS.NDNS.ZS,0.006793905,0.020612465,0.020841639,0.017185831,0.024630898,0.022803157,0.018170396,0.022529477,0.026481987,0.025517533,0.039808454,,
Lebanon,LBN,"New business density (new registrations per 1,000 people ages 15-64)",IC.BUS.NDNS.ZS,,,,,,,,,,,,,
Liberia,LBR,"New business density (new registrations per 1,000 people ages 15-64)",IC.BUS.NDNS.ZS,,,,0.006950771,0.013462206,0.014787276,0.016020115,0.008170766,0.012288182,0.012306438,0.022011714,,
Libya,LBY,"New business density (new registrations per 1,000 people ages 15-64)",IC.BUS.NDNS.ZS,,,,,,,,,,,,,
St. Lucia,LCA,"New business density (new registrations per 1,000 people ages 15-64)",IC.BUS.NDNS.ZS,5.091551698,3.656980379,3.357059922,3.04870492,3.085088198,1.905006872,2.439896682,2.885605781,2.588128908,2.489196732,2.685078634,,
Latin America & Caribbean,LCN,"New business density (new registrations per 1,000 people ages 15-64)",IC.BUS.NDNS.ZS,,,1.909988468,1.946950712,1.690267113,1.730310781,1.678790832,1.579557837,1.517638752,1.640233242,1.654361718,,
Least developed countries: UN classification,LDC,"New business density (new registrations per 1,000 people ages 15-64)",IC.BUS.NDNS.ZS,,,,,,,,,0.276951529,0.331404095,0.351541583,,
Low income,LIC,"New business density (new registrations per 1,000 people ages 15-64)",IC.BUS.NDNS.ZS,,,,,,,,,,,0.369440317,,
Liechtenstein,LIE,"New business density (new registrations per 1,000 people ages 15-64)",IC.BUS.NDNS.ZS,0.622716705,0.290011186,0.494254294,0.818967282,0.976999796,1.214132502,1.166814195,1.1620452,1.324503311,4.913339523,6.306097184,,
Sri Lanka,LKA,"New business density (new registrations per 1,000 people ages 15-64)",IC.BUS.NDNS.ZS,0.320868497,0.299864485,0.44880656,0.560912112,0.512155788,0.423678132,0.486107586,0.549266321,0.579149303,0.674822806,0.742390864,,
Lower middle income,LMC,"New business density (new registrations per 1,000 people ages 15-64)",IC.BUS.NDNS.ZS,0.26409381,0.216806174,0.252228882,0.28161936,0.2893016,0.274287742,0.261571271,0.293060575,0.318858641,0.320057827,0.330334339,,
Low & middle income,LMY,"New business density (new registrations per 1,000 people ages 15-64)",IC.BUS.NDNS.ZS,,,,,,,,,0.810683926,,,,
Lesotho,LSO,"New business density (new registrations per 1,000 people ages 15-64)",IC.BUS.NDNS.ZS,1.179300034,1.256177321,1.426317042,1.29640513,1.464305613,1.639910515,1.540477173,2.021391223,1.790427399,1.879624044,2.832469145,,
Late-demographic dividend,LTE,"New business density (new registrations per 1,000 people ages 15-64)",IC.BUS.NDNS.ZS,,,,,,,,,,,,,
Lithuania,LTU,"New business density (new registrations per 1,000 people ages 15-64)",IC.BUS.NDNS.ZS,2.508246924,2.515359346,3.098315214,3.799234405,5.435921157,4.045572315,4.313319618,3.190673163,3.33576829,3.525297142,3.327663007,,
Luxembourg,LUX,"New business density (new registrations per 1,000 people ages 15-64)",IC.BUS.NDNS.ZS,,10.5155168,12.68726484,5.393343058,14.0136337,15.79917984,17.5526294,16.74722582,15.29684304,15.93617844,17.19631182,,
Latvia,LVA,"New business density (new registrations per 1,000 people ages 15-64)",IC.BUS.NDNS.ZS,6.018871396,4.925188103,8.374632844,12.1433171,11.57578198,11.48406392,10.64822952,9.706530389,8.090205121,7.445161681,8.005012059,,
"Macao SAR, China",MAC,"New business density (new registrations per 1,000 people ages 15-64)",IC.BUS.NDNS.ZS,,,,,,,,,,,,,
St. Martin (French part),MAF,"New business density (new registrations per 1,000 people ages 15-64)",IC.BUS.NDNS.ZS,,,,,,,,,,,,,
Morocco,MAR,"New business density (new registrations per 1,000 people ages 15-64)",IC.BUS.NDNS.ZS,1.286335625,1.309884391,1.319295547,1.401885694,1.506891877,1.499123323,1.543469438,1.568786692,1.687433639,1.71001098,1.904285719,,
Monaco,MCO,"New business density (new registrations per 1,000 people ages 15-64)",IC.BUS.NDNS.ZS,,,,,,,,,,,,,
Moldova,MDA,"New business density (new registrations per 1,000 people ages 15-64)",IC.BUS.NDNS.ZS,,,,,,,1.690035385,1.721747015,1.695347827,1.97641833,1.863159275,,
Madagascar,MDG,"New business density (new registrations per 1,000 people ages 15-64)",IC.BUS.NDNS.ZS,,,,,,,0.119654629,0.114675251,0.113111297,0.132734402,0.1271155,,
Maldives,MDV,"New business density (new registrations per 1,000 people ages 15-64)",IC.BUS.NDNS.ZS,4.666088391,3.695981029,,,,,,,,,,,
Middle East & North Africa,MEA,"New business density (new registrations per 1,000 people ages 15-64)",IC.BUS.NDNS.ZS,,,,,,,,,,,,,
Mexico,MEX,"New business density (new registrations per 1,000 people ages 15-64)",IC.BUS.NDNS.ZS,0.38609726,0.535925371,0.617302364,0.598499475,0.407311694,0.549401796,0.553972931,0.57726934,0.557475597,1.006919384,1.004070385,,
Marshall Islands,MHL,"New business density (new registrations per 1,000 people ages 15-64)",IC.BUS.NDNS.ZS,,,,,,,,,,,,,
Middle income,MIC,"New business density (new registrations per 1,000 people ages 15-64)",IC.BUS.NDNS.ZS,,,,,,,,0.830066373,0.857835676,,,,
North Macedonia,MKD,"New business density (new registrations per 1,000 people ages 15-64)",IC.BUS.NDNS.ZS,6.717528714,5.556465499,4.60945977,4.103874767,3.671535728,3.707854776,3.757421826,3.944601295,3.884371807,3.726574423,3.632307595,,
Mali,MLI,"New business density (new registrations per 1,000 people ages 15-64)",IC.BUS.NDNS.ZS,,0.073733496,0.196806001,0.236387346,0.194947236,0.201909384,0.284884059,0.333377606,0.346827721,0.327826606,0.328465123,,
Malta,MLT,"New business density (new registrations per 1,000 people ages 15-64)",IC.BUS.NDNS.ZS,4.037921348,4.323510132,5.359784216,7.2705494,9.283980793,11.81291108,13.99805043,15.32702004,14.87360085,15.86282275,17.48486248,,
Myanmar,MMR,"New business density (new registrations per 1,000 people ages 15-64)",IC.BUS.NDNS.ZS,0.021799567,0.023211003,0.035976808,0.058188654,0.090860014,0.11862969,0.12976427,0.134972407,0.186593951,0.209464497,0.385612967,,
Middle East & North Africa (excluding high income),MNA,"New business density (new registrations per 1,000 people ages 15-64)",IC.BUS.NDNS.ZS,,,,,,,,,,,,,
Montenegro,MNE,"New business density (new registrations per 1,000 people ages 15-64)",IC.BUS.NDNS.ZS,8.184799726,5.589333589,5.644133792,5.601028916,5.908128483,6.874807387,7.287541503,7.146620842,6.703806915,7.607944588,11.28845687,,
Mongolia,MNG,"New business density (new registrations per 1,000 people ages 15-64)",IC.BUS.NDNS.ZS,5.58210684,4.212904821,4.886138048,5.914612785,5.800262363,6.500664558,6.483139122,5.454690573,4.902463751,5.983907431,5.540989211,,
Northern Mariana Islands,MNP,"New business density (new registrations per 1,000 people ages 15-64)",IC.BUS.NDNS.ZS,,,,,,,,,,,,,
Mozambique,MOZ,"New business density (new registrations per 1,000 people ages 15-64)",IC.BUS.NDNS.ZS,,,,,,,,,,,,,
Mauritania,MRT,"New business density (new registrations per 1,000 people ages 15-64)",IC.BUS.NDNS.ZS,,,,,,,,0.096003872,0.422791436,0.462828327,0.383597698,,
Mauritius,MUS,"New business density (new registrations per 1,000 people ages 15-64)",IC.BUS.NDNS.ZS,10.38254829,7.574814285,8.450777796,8.177785209,7.669460539,7.134106148,7.954875629,8.795079688,9.914753951,9.795663598,9.257231479,,
Malawi,MWI,"New business density (new registrations per 1,000 people ages 15-64)",IC.BUS.NDNS.ZS,0.114336556,0.086163589,,,,,,,,,,,
Malaysia,MYS,"New business density (new registrations per 1,000 people ages 15-64)",IC.BUS.NDNS.ZS,2.310215233,2.254075043,2.335295915,2.347363411,2.299212552,2.300060782,2.399597829,2.372618971,2.196275149,2.419002543,2.366084109,,
North America,NAC,"New business density (new registrations per 1,000 people ages 15-64)",IC.BUS.NDNS.ZS,,,,,,,,,,,,,
Namibia,NAM,"New business density (new registrations per 1,000 people ages 15-64)",IC.BUS.NDNS.ZS,0.842373143,0.775442184,0.648219455,0.690598994,0.872757123,0.874634685,0.915303609,1.005839986,1.151129041,,,,
New Caledonia,NCL,"New business density (new registrations per 1,000 people ages 15-64)",IC.BUS.NDNS.ZS,,,,,,,,,,,,,
Niger,NER,"New business density (new registrations per 1,000 people ages 15-64)",IC.BUS.NDNS.ZS,,,,,,,,,0.077561467,0.074255225,0.087478657,,
Nigeria,NGA,"New business density (new registrations per 1,000 people ages 15-64)",IC.BUS.NDNS.ZS,0.799495393,0.792108651,0.771333395,0.837083913,0.914617208,0.816782869,0.768729748,0.731888939,0.762692344,0.772904842,0.825373288,,
Nicaragua,NIC,"New business density (new registrations per 1,000 people ages 15-64)",IC.BUS.NDNS.ZS,,,,,,,,,,,,,
Netherlands,NLD,"New business density (new registrations per 1,000 people ages 15-64)",IC.BUS.NDNS.ZS,3.440639132,3.157945309,3.043359524,3.193655749,4.374961524,6.248514969,5.806238817,5.830179266,6.05918754,6.181743919,6.416649578,,
Norway,NOR,"New business density (new registrations per 1,000 people ages 15-64)",IC.BUS.NDNS.ZS,5.509816621,4.01498444,4.302159285,4.954717196,7.720757788,7.845382562,7.65145657,7.830034365,8.129754587,8.648361499,8.619638009,,
Nepal,NPL,"New business density (new registrations per 1,000 people ages 15-64)",IC.BUS.NDNS.ZS,0.552156753,0.632104668,0.614890607,0.626327619,0.651065463,0.579030234,0.734185887,0.753946025,1.017675659,1.107053664,1.342969545,,
Nauru,NRU,"New business density (new registrations per 1,000 people ages 15-64)",IC.BUS.NDNS.ZS,,,,,,,,,,,,,
New Zealand,NZL,"New business density (new registrations per 1,000 people ages 15-64)",IC.BUS.NDNS.ZS,18.83793961,16.87989547,15.62349751,14.52809694,15.07499345,15.53851443,16.53156849,17.41803006,18.99977447,18.59981605,17.83820451,,
OECD members,OED,"New business density (new registrations per 1,000 people ages 15-64)",IC.BUS.NDNS.ZS,,,,2.963886596,3.027339366,3.09498832,3.292780162,3.428231104,3.630396119,3.639550825,3.72888022,,
Oman,OMN,"New business density (new registrations per 1,000 people ages 15-64)",IC.BUS.NDNS.ZS,2.283347715,1.790874739,1.747196383,2.109059221,1.937830571,1.546251915,1.12795373,2.043013841,2.166165989,1.584406043,1.397157273,,
Other small states,OSS,"New business density (new registrations per 1,000 people ages 15-64)",IC.BUS.NDNS.ZS,6.232818207,5.024890361,5.677759166,5.779994636,5.875918393,5.443504751,5.780183732,6.290216737,7.450364518,,,,
Pakistan,PAK,"New business density (new registrations per 1,000 people ages 15-64)",IC.BUS.NDNS.ZS,0.035847697,0.023934084,0.02837205,0.03220293,0.036970226,0.035723919,0.041413479,0.046565958,0.056341294,0.078805149,0.103178394,,
Panama,PAN,"New business density (new registrations per 1,000 people ages 15-64)",IC.BUS.NDNS.ZS,,,,,,12.22551487,11.71593467,10.29260615,7.492748366,5.781151108,4.825717663,,
Peru,PER,"New business density (new registrations per 1,000 people ages 15-64)",IC.BUS.NDNS.ZS,3.082166949,3.039428357,3.259500015,3.801449612,3.976220425,3.878507838,3.839654354,4.015878777,3.731091422,3.746411074,3.751297123,,
Philippines,PHL,"New business density (new registrations per 1,000 people ages 15-64)",IC.BUS.NDNS.ZS,0.243791798,0.201727977,0.201483593,0.29454357,0.305202669,0.326715874,0.333435662,0.332383372,0.339847934,0.364417478,0.290086282,,
Palau,PLW,"New business density (new registrations per 1,000 people ages 15-64)",IC.BUS.NDNS.ZS,,,,,,,,,,,,,
Papua New Guinea,PNG,"New business density (new registrations per 1,000 people ages 15-64)",IC.BUS.NDNS.ZS,,,,,,,,,,,,,
Poland,POL,"New business density (new registrations per 1,000 people ages 15-64)",IC.BUS.NDNS.ZS,0.467289048,0.530638881,0.667935966,0.714270979,0.918771648,1.115609353,1.133541572,1.525267302,1.664187191,1.502347091,1.440085339,,
Pre-demographic dividend,PRE,"New business density (new registrations per 1,000 people ages 15-64)",IC.BUS.NDNS.ZS,,,,,,,,0.437401001,0.441007959,0.526477036,0.571246731,,
Puerto Rico,PRI,"New business density (new registrations per 1,000 people ages 15-64)",IC.BUS.NDNS.ZS,,,,,,,,,,,,,
"Korea, Dem. People?s Rep.",PRK,"New business density (new registrations per 1,000 people ages 15-64)",IC.BUS.NDNS.ZS,,,,,,,,,,,,,
Portugal,PRT,"New business density (new registrations per 1,000 people ages 15-64)",IC.BUS.NDNS.ZS,4.448576226,4.036038076,4.061489651,4.566581375,4.010600113,4.670883337,4.682524542,5.055996795,5.016866756,5.631109636,6.492281287,,
Paraguay,PRY,"New business density (new registrations per 1,000 people ages 15-64)",IC.BUS.NDNS.ZS,,,,,,,,,,,0.228206196,,
West Bank and Gaza,PSE,"New business density (new registrations per 1,000 people ages 15-64)",IC.BUS.NDNS.ZS,,,,,,,,,,,,,
Pacific island small states,PSS,"New business density (new registrations per 1,000 people ages 15-64)",IC.BUS.NDNS.ZS,,,,,,,,,,,,,
Post-demographic dividend,PST,"New business density (new registrations per 1,000 people ages 15-64)",IC.BUS.NDNS.ZS,,,,,,,,,,,,,
French Polynesia,PYF,"New business density (new registrations per 1,000 people ages 15-64)",IC.BUS.NDNS.ZS,,,,,,,,,,,,,
Qatar,QAT,"New business density (new registrations per 1,000 people ages 15-64)",IC.BUS.NDNS.ZS,3.588050682,2.843128132,3.159928022,3.458454088,3.058944981,2.979771305,3.411828462,2.559422652,5.089052911,6.061931398,6.263028612,,
Romania,ROU,"New business density (new registrations per 1,000 people ages 15-64)",IC.BUS.NDNS.ZS,7.111523005,4.049671012,3.736049699,4.781265561,4.499352535,4.434128315,4.175378177,4.815461026,5.584551933,7.535564487,7.318512628,,
Russian Federation,RUS,"New business density (new registrations per 1,000 people ages 15-64)",IC.BUS.NDNS.ZS,4.052544241,2.501438227,2.512822151,1.533753863,3.896600993,3.926242771,4.234522569,4.549214705,4.363270604,3.986771118,3.259612362,,
Rwanda,RWA,"New business density (new registrations per 1,000 people ages 15-64)",IC.BUS.NDNS.ZS,0.081452754,0.239871794,0.650514423,1.046193521,1.438722423,1.520863152,1.591379126,1.515857576,1.527835795,1.475078263,1.51437201,,
South Asia,SAS,"New business density (new registrations per 1,000 people ages 15-64)",IC.BUS.NDNS.ZS,0.097925052,0.08874652,0.11729761,0.127675783,0.131337882,0.114804344,0.09448554,0.102221644,0.118208962,0.134104393,0.151422807,,
Saudi Arabia,SAU,"New business density (new registrations per 1,000 people ages 15-64)",IC.BUS.NDNS.ZS,0.282126395,0.29073192,0.312099229,0.344003374,0.419252058,0.425173141,0.457738718,0.489428872,0.457719134,0.460490132,0.501829154,,
Sudan,SDN,"New business density (new registrations per 1,000 people ages 15-64)",IC.BUS.NDNS.ZS,,,,,,,,,,,,,
Senegal,SEN,"New business density (new registrations per 1,000 people ages 15-64)",IC.BUS.NDNS.ZS,0.266378856,0.341161068,0.258051693,0.261182083,0.272138616,0.287847257,0.312668008,0.417995462,0.425771862,0.448388567,0.468801182,,
Singapore,SGP,"New business density (new registrations per 1,000 people ages 15-64)",IC.BUS.NDNS.ZS,6.28769405,6.21900793,6.874659963,7.309252226,7.566593147,8.216467014,8.936599277,8.0059072,8.013146493,8.578639529,10.01078847,,
Solomon Islands,SLB,"New business density (new registrations per 1,000 people ages 15-64)",IC.BUS.NDNS.ZS,,,,,,,,,,,,,
Sierra Leone,SLE,"New business density (new registrations per 1,000 people ages 15-64)",IC.BUS.NDNS.ZS,0.169405594,0.204489192,0.261683367,0.234320147,0.293628966,0.279658432,0.177413586,0.249519119,0.266619224,0.295812561,0.462391893,,
El Salvador,SLV,"New business density (new registrations per 1,000 people ages 15-64)",IC.BUS.NDNS.ZS,,,0.486562793,0.46028079,0.4976198,0.499369011,0.51763784,0.531438932,0.53992638,0.521237767,0.566009979,,
San Marino,SMR,"New business density (new registrations per 1,000 people ages 15-64)",IC.BUS.NDNS.ZS,,,,,,,,,,,,,
Somalia,SOM,"New business density (new registrations per 1,000 people ages 15-64)",IC.BUS.NDNS.ZS,,,,,,,,,,,,,
Serbia,SRB,"New business density (new registrations per 1,000 people ages 15-64)",IC.BUS.NDNS.ZS,2.203316355,1.975618604,1.884434667,1.693953387,1.743878842,1.76930006,1.685892785,1.670906274,1.763098527,1.822116397,1.882667539,,
Sub-Saharan Africa (excluding high income),SSA,"New business density (new registrations per 1,000 people ages 15-64)",IC.BUS.NDNS.ZS,,,,,,,,,1.439487889,0.591658866,0.636201359,,
South Sudan,SSD,"New business density (new registrations per 1,000 people ages 15-64)",IC.BUS.NDNS.ZS,0.698751532,0.517894549,0.185401813,0.852123755,0.820828362,0.654005019,0.345321927,0.130919741,0.300046937,,,,
Sub-Saharan Africa,SSF,"New business density (new registrations per 1,000 people ages 15-64)",IC.BUS.NDNS.ZS,,,,,,,,,1.458699061,0.612396185,0.655151603,,
Small states,SST,"New business density (new registrations per 1,000 people ages 15-64)",IC.BUS.NDNS.ZS,,,,4.929672439,5.008860527,4.65434369,4.914559408,,,,,,
Sao Tome and Principe,STP,"New business density (new registrations per 1,000 people ages 15-64)",IC.BUS.NDNS.ZS,,,0.579338313,2.324500232,3.425708656,2.836273215,3.00011429,2.927602443,3.1907232,2.644230769,2.30184582,,
Suriname,SUR,"New business density (new registrations per 1,000 people ages 15-64)",IC.BUS.NDNS.ZS,0.512576318,0.423425573,0.627785063,1.155424864,1.659521898,1.661647108,1.370409129,1.125197319,1.411110811,2.29230027,,,
Slovak Republic,SVK,"New business density (new registrations per 1,000 people ages 15-64)",IC.BUS.NDNS.ZS,4.541115453,4.065235005,4.506216853,4.893682145,5.14573089,5.629621671,3.119231031,2.720138912,4.72386247,5.23715838,5.252600264,,
Slovenia,SVN,"New business density (new registrations per 1,000 people ages 15-64)",IC.BUS.NDNS.ZS,4.411470247,4.110377294,3.829340154,4.067540686,4.376820574,4.344392909,4.463372889,3.995386948,3.126510107,3.341985533,3.094410601,,
Sweden,SWE,"New business density (new registrations per 1,000 people ages 15-64)",IC.BUS.NDNS.ZS,4.567606595,4.002189288,5.670078505,7.159576112,6.388489199,6.365875252,6.829833912,7.369873249,7.98716813,7.720984043,7.183567326,,
Eswatini,SWZ,"New business density (new registrations per 1,000 people ages 15-64)",IC.BUS.NDNS.ZS,,,,,,,,,,,,,
Sint Maarten (Dutch part),SXM,"New business density (new registrations per 1,000 people ages 15-64)",IC.BUS.NDNS.ZS,,,,,,,,,,,,,
Seychelles,SYC,"New business density (new registrations per 1,000 people ages 15-64)",IC.BUS.NDNS.ZS,6.627380933,5.324338178,4.28848031,5.401855348,5.407687686,5.035054175,4.836531516,5.078720163,4.491884155,4.485049834,5.169589589,,
Syrian Arab Republic,SYR,"New business density (new registrations per 1,000 people ages 15-64)",IC.BUS.NDNS.ZS,,,,,,,,,,,,,
Turks and Caicos Islands,TCA,"New business density (new registrations per 1,000 people ages 15-64)",IC.BUS.NDNS.ZS,,,,,,,,,,,,,
Chad,TCD,"New business density (new registrations per 1,000 people ages 15-64)",IC.BUS.NDNS.ZS,,,,,0.128576914,0.139009429,0.137223473,0.109467468,0.096596248,0.103608842,0.112567985,,
East Asia & Pacific (IDA & IBRD countries),TEA,"New business density (new registrations per 1,000 people ages 15-64)",IC.BUS.NDNS.ZS,,,,,,,,,,,,,
Europe & Central Asia (IDA & IBRD countries),TEC,"New business density (new registrations per 1,000 people ages 15-64)",IC.BUS.NDNS.ZS,2.777732599,1.823001145,1.84517396,1.608224842,2.591998985,2.442435977,2.489109508,2.697581088,2.769889252,2.845015021,2.744191474,,
Togo,TGO,"New business density (new registrations per 1,000 people ages 15-64)",IC.BUS.NDNS.ZS,0.018733659,0.151379716,0.160059405,0.171077166,0.195592752,0.193776488,0.276349631,0.422595151,0.399949211,0.413469416,0.587714117,,
Thailand,THA,"New business density (new registrations per 1,000 people ages 15-64)",IC.BUS.NDNS.ZS,0.580349632,0.573269653,0.65610347,0.695016998,0.840368405,0.910804286,0.889952928,0.913007067,0.993845563,1.126638054,1.127504974,,
Tajikistan,TJK,"New business density (new registrations per 1,000 people ages 15-64)",IC.BUS.NDNS.ZS,0.249216813,0.415649297,0.47415775,0.263699866,0.263340679,1.122194337,0.298890925,0.235353814,0.186465309,0.147443729,0.151693768,,
Turkmenistan,TKM,"New business density (new registrations per 1,000 people ages 15-64)",IC.BUS.NDNS.ZS,,,,,,,,,,,,,
Latin America & the Caribbean (IDA & IBRD countries),TLA,"New business density (new registrations per 1,000 people ages 15-64)",IC.BUS.NDNS.ZS,,,1.909988468,1.946950712,1.690267113,1.730310781,1.678790832,1.579557837,1.517638752,1.640233242,1.654361718,,
Timor-Leste,TLS,"New business density (new registrations per 1,000 people ages 15-64)",IC.BUS.NDNS.ZS,0.737874237,2.055029113,7.60883892,3.677589151,2.727824293,5.626430832,4.428678954,,,,,,
Middle East & North Africa (IDA & IBRD countries),TMN,"New business density (new registrations per 1,000 people ages 15-64)",IC.BUS.NDNS.ZS,,,,,,,,,,,,,
Tonga,TON,"New business density (new registrations per 1,000 people ages 15-64)",IC.BUS.NDNS.ZS,1.768756547,1.785501726,2.350275608,1.96327325,1.95794671,1.920636554,1.119782245,1.223125689,0.836862959,,,,
South Asia (IDA & IBRD),TSA,"New business density (new registrations per 1,000 people ages 15-64)",IC.BUS.NDNS.ZS,0.097925052,0.08874652,0.11729761,0.127675783,0.131337882,0.114804344,0.09448554,0.102221644,0.118208962,0.134104393,0.151422807,,
Sub-Saharan Africa (IDA & IBRD countries),TSS,"New business density (new registrations per 1,000 people ages 15-64)",IC.BUS.NDNS.ZS,,,,,,,,,1.458699061,0.612396185,0.655151603,,
Trinidad and Tobago,TTO,"New business density (new registrations per 1,000 people ages 15-64)",IC.BUS.NDNS.ZS,,,,,,,,,,,,,
Tunisia,TUN,"New business density (new registrations per 1,000 people ages 15-64)",IC.BUS.NDNS.ZS,1.161003492,1.259061821,1.538151861,1.520386859,1.673403506,1.678761217,1.572936403,1.521669204,1.615594837,1.50167709,1.68208751,,
Turkey,TUR,"New business density (new registrations per 1,000 people ages 15-64)",IC.BUS.NDNS.ZS,,,,,,0.973065919,1.040324295,1.250299708,1.178485829,1.373524129,1.558687213,,
Tuvalu,TUV,"New business density (new registrations per 1,000 people ages 15-64)",IC.BUS.NDNS.ZS,,,,,,,,,,,,,
Tanzania,TZA,"New business density (new registrations per 1,000 people ages 15-64)",IC.BUS.NDNS.ZS,0.231494502,0.221386217,0.291277328,0.316499204,0.32827539,0.339504473,0.333149306,0.32716888,0.296519412,0.224071308,0.175761561,,
Uganda,UGA,"New business density (new registrations per 1,000 people ages 15-64)",IC.BUS.NDNS.ZS,0.565303486,0.618169491,0.659684036,0.890241229,0.977601409,0.870077433,0.910421075,0.959541199,0.902853783,0.833877071,0.863498598,,
Ukraine,UKR,"New business density (new registrations per 1,000 people ages 15-64)",IC.BUS.NDNS.ZS,0.969179445,0.667790643,0.977136133,1.07759281,0.930494724,1.111401882,1.063531777,1.221302572,1.557599235,1.679063695,,,
Upper middle income,UMC,"New business density (new registrations per 1,000 people ages 15-64)",IC.BUS.NDNS.ZS,,,,,,,,,,,,,
Uruguay,URY,"New business density (new registrations per 1,000 people ages 15-64)",IC.BUS.NDNS.ZS,,,,,,,,,1.549311598,1.510766125,1.255235197,,
United States,USA,"New business density (new registrations per 1,000 people ages 15-64)",IC.BUS.NDNS.ZS,,,,,,,,,,,,,
Uzbekistan,UZB,"New business density (new registrations per 1,000 people ages 15-64)",IC.BUS.NDNS.ZS,0.273305302,0.430343182,0.476067065,0.626913455,0.499126316,0.674768664,0.748102767,0.823207746,1.074148297,1.224402541,1.631538481,,
St. Vincent and the Grenadines,VCT,"New business density (new registrations per 1,000 people ages 15-64)",IC.BUS.NDNS.ZS,2.374591867,1.844446948,1.94726962,1.898672325,1.76442802,1.850752041,1.71665568,1.626305144,1.601607036,,,,
"Venezuela, RB",VEN,"New business density (new registrations per 1,000 people ages 15-64)",IC.BUS.NDNS.ZS,,,,,,,,,,,,,
British Virgin Islands,VGB,"New business density (new registrations per 1,000 people ages 15-64)",IC.BUS.NDNS.ZS,,,,,,,,,,,,,
Virgin Islands (U.S.),VIR,"New business density (new registrations per 1,000 people ages 15-64)",IC.BUS.NDNS.ZS,,,,,,,,,,,,,
Vietnam,VNM,"New business density (new registrations per 1,000 people ages 15-64)",IC.BUS.NDNS.ZS,,,,,,,,1.12674488,1.117931614,,,,
Vanuatu,VUT,"New business density (new registrations per 1,000 people ages 15-64)",IC.BUS.NDNS.ZS,0.507422983,0.172629904,0.636337039,0.528397812,0.485797367,0.364357718,0.57944676,0.535155872,0.813720581,1.023984396,1.532749146,,
World,WLD,"New business density (new registrations per 1,000 people ages 15-64)",IC.BUS.NDNS.ZS,,,,,,,,,1.463655729,,,,
Samoa,WSM,"New business density (new registrations per 1,000 people ages 15-64)",IC.BUS.NDNS.ZS,0.541612264,0.775097366,0.891155753,0.93694369,0.815569972,0.872929091,1.069489387,1.176352577,0.99631364,1.244341851,1.129467447,,
Kosovo,XKX,"New business density (new registrations per 1,000 people ages 15-64)",IC.BUS.NDNS.ZS,0.730986931,0.702998693,0.814128463,0.909617747,1.202671066,1.622494641,1.72868531,2.079361473,3.259035805,3.916781891,3.999010893,,
"Yemen, Rep.",YEM,"New business density (new registrations per 1,000 people ages 15-64)",IC.BUS.NDNS.ZS,,,,,,,,,,,,,
South Africa,ZAF,"New business density (new registrations per 1,000 people ages 15-64)",IC.BUS.NDNS.ZS,8.85467577,8.459614264,6.157978746,5.303285186,6.371101691,6.794975491,6.57481813,8.67781982,10.20779821,,,,
Zambia,ZMB,"New business density (new registrations per 1,000 people ages 15-64)",IC.BUS.NDNS.ZS,0.926879347,0.77320617,0.92197274,1.091169056,1.200330053,1.230402691,1.186173715,1.110967676,1.040836893,1.061835173,1.11378907,,
Zimbabwe,ZWE,"New business density (new registrations per 1,000 people ages 15-64)",IC.BUS.NDNS.ZS,5.706345137,0.51696009,0.715245463,1.200440204,1.315453186,1.336106804,1.273733463,1.200408576,1.062962192,1.226566624,2.129928961,,
